-- MySQL dump 10.13  Distrib 5.5.52, for debian-linux-gnu (i686)
--
-- Host: localhost    Database: difflet_db
-- ------------------------------------------------------
-- Server version	5.5.52-0ubuntu0.14.04.1

/*!40101 SET @OLD_CHARACTER_SET_CLIENT=@@CHARACTER_SET_CLIENT */;
/*!40101 SET @OLD_CHARACTER_SET_RESULTS=@@CHARACTER_SET_RESULTS */;
/*!40101 SET @OLD_COLLATION_CONNECTION=@@COLLATION_CONNECTION */;
/*!40101 SET NAMES utf8 */;
/*!40103 SET @OLD_TIME_ZONE=@@TIME_ZONE */;
/*!40103 SET TIME_ZONE='+00:00' */;
/*!40014 SET @OLD_UNIQUE_CHECKS=@@UNIQUE_CHECKS, UNIQUE_CHECKS=0 */;
/*!40014 SET @OLD_FOREIGN_KEY_CHECKS=@@FOREIGN_KEY_CHECKS, FOREIGN_KEY_CHECKS=0 */;
/*!40101 SET @OLD_SQL_MODE=@@SQL_MODE, SQL_MODE='NO_AUTO_VALUE_ON_ZERO' */;
/*!40111 SET @OLD_SQL_NOTES=@@SQL_NOTES, SQL_NOTES=0 */;

--
-- Table structure for table `auth_cas`
--

DROP TABLE IF EXISTS `auth_cas`;
/*!40101 SET @saved_cs_client     = @@character_set_client */;
/*!40101 SET character_set_client = utf8 */;
CREATE TABLE `auth_cas` (
  `id` int(11) NOT NULL AUTO_INCREMENT,
  `user_id` int(11) DEFAULT NULL,
  `created_on` datetime DEFAULT NULL,
  `service` varchar(512) DEFAULT NULL,
  `ticket` varchar(512) DEFAULT NULL,
  `renew` char(1) DEFAULT NULL,
  PRIMARY KEY (`id`),
  KEY `user_id__idx` (`user_id`),
  CONSTRAINT `auth_cas_ibfk_1` FOREIGN KEY (`user_id`) REFERENCES `auth_user` (`id`) ON DELETE CASCADE
) ENGINE=InnoDB DEFAULT CHARSET=utf8;
/*!40101 SET character_set_client = @saved_cs_client */;

--
-- Dumping data for table `auth_cas`
--

LOCK TABLES `auth_cas` WRITE;
/*!40000 ALTER TABLE `auth_cas` DISABLE KEYS */;
/*!40000 ALTER TABLE `auth_cas` ENABLE KEYS */;
UNLOCK TABLES;

--
-- Table structure for table `auth_event`
--

DROP TABLE IF EXISTS `auth_event`;
/*!40101 SET @saved_cs_client     = @@character_set_client */;
/*!40101 SET character_set_client = utf8 */;
CREATE TABLE `auth_event` (
  `id` int(11) NOT NULL AUTO_INCREMENT,
  `time_stamp` datetime DEFAULT NULL,
  `client_ip` varchar(512) DEFAULT NULL,
  `user_id` int(11) DEFAULT NULL,
  `origin` varchar(512) DEFAULT NULL,
  `description` longtext,
  PRIMARY KEY (`id`),
  KEY `user_id__idx` (`user_id`),
  CONSTRAINT `auth_event_ibfk_1` FOREIGN KEY (`user_id`) REFERENCES `auth_user` (`id`) ON DELETE CASCADE
) ENGINE=InnoDB AUTO_INCREMENT=3 DEFAULT CHARSET=utf8;
/*!40101 SET character_set_client = @saved_cs_client */;

--
-- Dumping data for table `auth_event`
--

LOCK TABLES `auth_event` WRITE;
/*!40000 ALTER TABLE `auth_event` DISABLE KEYS */;
INSERT INTO `auth_event` VALUES (1,'2016-11-07 03:47:12','10.1.133.66',NULL,'auth','Group 1 created'),(2,'2016-11-07 03:47:12','10.1.133.66',1,'auth','User 1 Registered');
/*!40000 ALTER TABLE `auth_event` ENABLE KEYS */;
UNLOCK TABLES;

--
-- Table structure for table `auth_group`
--

DROP TABLE IF EXISTS `auth_group`;
/*!40101 SET @saved_cs_client     = @@character_set_client */;
/*!40101 SET character_set_client = utf8 */;
CREATE TABLE `auth_group` (
  `id` int(11) NOT NULL AUTO_INCREMENT,
  `role` varchar(512) DEFAULT NULL,
  `description` longtext,
  PRIMARY KEY (`id`)
) ENGINE=InnoDB AUTO_INCREMENT=2 DEFAULT CHARSET=utf8;
/*!40101 SET character_set_client = @saved_cs_client */;

--
-- Dumping data for table `auth_group`
--

LOCK TABLES `auth_group` WRITE;
/*!40000 ALTER TABLE `auth_group` DISABLE KEYS */;
INSERT INTO `auth_group` VALUES (1,'user_1','Group uniquely assigned to user 1');
/*!40000 ALTER TABLE `auth_group` ENABLE KEYS */;
UNLOCK TABLES;

--
-- Table structure for table `auth_membership`
--

DROP TABLE IF EXISTS `auth_membership`;
/*!40101 SET @saved_cs_client     = @@character_set_client */;
/*!40101 SET character_set_client = utf8 */;
CREATE TABLE `auth_membership` (
  `id` int(11) NOT NULL AUTO_INCREMENT,
  `user_id` int(11) DEFAULT NULL,
  `group_id` int(11) DEFAULT NULL,
  PRIMARY KEY (`id`),
  KEY `user_id__idx` (`user_id`),
  KEY `group_id__idx` (`group_id`),
  CONSTRAINT `auth_membership_ibfk_1` FOREIGN KEY (`user_id`) REFERENCES `auth_user` (`id`) ON DELETE CASCADE,
  CONSTRAINT `auth_membership_ibfk_2` FOREIGN KEY (`group_id`) REFERENCES `auth_group` (`id`) ON DELETE CASCADE
) ENGINE=InnoDB AUTO_INCREMENT=2 DEFAULT CHARSET=utf8;
/*!40101 SET character_set_client = @saved_cs_client */;

--
-- Dumping data for table `auth_membership`
--

LOCK TABLES `auth_membership` WRITE;
/*!40000 ALTER TABLE `auth_membership` DISABLE KEYS */;
INSERT INTO `auth_membership` VALUES (1,1,1);
/*!40000 ALTER TABLE `auth_membership` ENABLE KEYS */;
UNLOCK TABLES;

--
-- Table structure for table `auth_permission`
--

DROP TABLE IF EXISTS `auth_permission`;
/*!40101 SET @saved_cs_client     = @@character_set_client */;
/*!40101 SET character_set_client = utf8 */;
CREATE TABLE `auth_permission` (
  `id` int(11) NOT NULL AUTO_INCREMENT,
  `group_id` int(11) DEFAULT NULL,
  `name` varchar(512) DEFAULT NULL,
  `table_name` varchar(512) DEFAULT NULL,
  `record_id` int(11) DEFAULT NULL,
  PRIMARY KEY (`id`),
  KEY `group_id__idx` (`group_id`),
  CONSTRAINT `auth_permission_ibfk_1` FOREIGN KEY (`group_id`) REFERENCES `auth_group` (`id`) ON DELETE CASCADE
) ENGINE=InnoDB DEFAULT CHARSET=utf8;
/*!40101 SET character_set_client = @saved_cs_client */;

--
-- Dumping data for table `auth_permission`
--

LOCK TABLES `auth_permission` WRITE;
/*!40000 ALTER TABLE `auth_permission` DISABLE KEYS */;
/*!40000 ALTER TABLE `auth_permission` ENABLE KEYS */;
UNLOCK TABLES;

--
-- Table structure for table `auth_user`
--

DROP TABLE IF EXISTS `auth_user`;
/*!40101 SET @saved_cs_client     = @@character_set_client */;
/*!40101 SET character_set_client = utf8 */;
CREATE TABLE `auth_user` (
  `id` int(11) NOT NULL AUTO_INCREMENT,
  `first_name` varchar(128) DEFAULT NULL,
  `last_name` varchar(128) DEFAULT NULL,
  `email` varchar(512) DEFAULT NULL,
  `password` varchar(512) DEFAULT NULL,
  `registration_key` varchar(512) DEFAULT NULL,
  `reset_password_key` varchar(512) DEFAULT NULL,
  `registration_id` varchar(512) DEFAULT NULL,
  PRIMARY KEY (`id`)
) ENGINE=InnoDB AUTO_INCREMENT=2 DEFAULT CHARSET=utf8;
/*!40101 SET character_set_client = @saved_cs_client */;

--
-- Dumping data for table `auth_user`
--

LOCK TABLES `auth_user` WRITE;
/*!40000 ALTER TABLE `auth_user` DISABLE KEYS */;
INSERT INTO `auth_user` VALUES (1,'Utsav','Chokshi','chokshi.utsav@students.iiit.ac.in','pbkdf2(1000,20,sha512)$bc03da2fcd5b9330$c7da73233263104947530f57dbb2e8b60c1a94b8','','','');
/*!40000 ALTER TABLE `auth_user` ENABLE KEYS */;
UNLOCK TABLES;

--
-- Table structure for table `category`
--

DROP TABLE IF EXISTS `category`;
/*!40101 SET @saved_cs_client     = @@character_set_client */;
/*!40101 SET character_set_client = utf8 */;
CREATE TABLE `category` (
  `id` int(11) NOT NULL AUTO_INCREMENT,
  `name` varchar(255) DEFAULT NULL,
  `is_active` char(1) DEFAULT NULL,
  `created_on` datetime DEFAULT NULL,
  `created_by` int(11) DEFAULT NULL,
  `modified_on` datetime DEFAULT NULL,
  `modified_by` int(11) DEFAULT NULL,
  PRIMARY KEY (`id`),
  UNIQUE KEY `name` (`name`),
  KEY `created_by__idx` (`created_by`),
  KEY `modified_by__idx` (`modified_by`),
  CONSTRAINT `category_ibfk_1` FOREIGN KEY (`created_by`) REFERENCES `auth_user` (`id`) ON DELETE CASCADE,
  CONSTRAINT `category_ibfk_2` FOREIGN KEY (`modified_by`) REFERENCES `auth_user` (`id`) ON DELETE CASCADE
) ENGINE=InnoDB AUTO_INCREMENT=17 DEFAULT CHARSET=utf8;
/*!40101 SET character_set_client = @saved_cs_client */;

--
-- Dumping data for table `category`
--

LOCK TABLES `category` WRITE;
/*!40000 ALTER TABLE `category` DISABLE KEYS */;
INSERT INTO `category` VALUES (1,'tmp','T','2016-09-27 16:14:59',NULL,'2016-09-27 16:14:59',NULL),(2,'cat1','T','2016-10-14 00:44:04',NULL,'2016-10-14 00:44:04',NULL),(3,'cat2','T','2016-10-14 01:00:51',NULL,'2016-10-14 01:00:51',NULL),(4,'mysql-workbench-test','T','2016-10-21 15:18:31',NULL,'2016-10-21 15:18:31',NULL),(6,'mysql-workbench-test2','T',NULL,NULL,NULL,NULL),(8,'mysql-workbench-test7','T','0000-00-00 00:00:00',NULL,'0000-00-00 00:00:00',NULL),(11,'mysql-workbench-test8','T','0000-00-00 00:00:00',NULL,'0000-00-00 00:00:00',NULL),(12,'mysql-workbench-test9','T','0000-00-00 00:00:00',NULL,'0000-00-00 00:00:00',NULL),(16,'mysql-double_quotes_date','T','0000-00-00 00:00:00',NULL,'0000-00-00 00:00:00',NULL);
/*!40000 ALTER TABLE `category` ENABLE KEYS */;
UNLOCK TABLES;

--
-- Table structure for table `description`
--

DROP TABLE IF EXISTS `description`;
/*!40101 SET @saved_cs_client     = @@character_set_client */;
/*!40101 SET character_set_client = utf8 */;
CREATE TABLE `description` (
  `id` int(11) NOT NULL AUTO_INCREMENT,
  `body` longtext,
  `is_active` char(1) DEFAULT NULL,
  `created_on` datetime DEFAULT NULL,
  `created_by` int(11) DEFAULT NULL,
  `modified_on` datetime DEFAULT NULL,
  `modified_by` int(11) DEFAULT NULL,
  PRIMARY KEY (`id`),
  KEY `created_by__idx` (`created_by`),
  KEY `modified_by__idx` (`modified_by`),
  CONSTRAINT `description_ibfk_1` FOREIGN KEY (`created_by`) REFERENCES `auth_user` (`id`) ON DELETE CASCADE,
  CONSTRAINT `description_ibfk_2` FOREIGN KEY (`modified_by`) REFERENCES `auth_user` (`id`) ON DELETE CASCADE
) ENGINE=InnoDB AUTO_INCREMENT=693 DEFAULT CHARSET=utf8;
/*!40101 SET character_set_client = @saved_cs_client */;

--
-- Dumping data for table `description`
--

LOCK TABLES `description` WRITE;
/*!40000 ALTER TABLE `description` DISABLE KEYS */;
INSERT INTO `description` VALUES (1,'captialName1','T','2016-10-14 01:07:24',NULL,'2016-10-14 01:07:24',NULL),(2,'captialName2','T','2016-10-14 01:07:32',NULL,'2016-10-14 01:07:32',NULL),(3,'ccy1','T','2016-10-14 01:07:39',NULL,'2016-10-14 01:07:39',NULL),(4,'ccy2','T','2016-10-14 01:07:44',NULL,'2016-10-14 01:07:44',NULL),(7,'Republic of India','T','2016-11-07 01:29:39',NULL,'2016-11-07 01:29:39',NULL),(8,'Sumitra_Mahajan','T','2016-11-07 01:29:39',NULL,'2016-11-07 01:29:39',NULL),(9,'1276267000','T','2016-11-07 01:29:39',NULL,'2016-11-07 01:29:39',NULL),(10,'1947-08-15,1950-01-26','T','2016-11-07 01:29:39',NULL,'2016-11-07 01:29:39',NULL),(11,'Indian_people','T','2016-11-07 01:29:39',NULL,'2016-11-07 01:29:39',NULL),(12,'Indian_Standard_Time','T','2016-11-07 01:29:39',NULL,'2016-11-07 01:29:39',NULL),(13,'India','T','2016-11-07 01:29:39',NULL,'2016-11-07 01:29:39',NULL),(14,'3287590','T','2016-11-07 01:29:39',NULL,'2016-11-07 01:29:39',NULL),(15,'Indian rupee','T','2016-11-07 01:29:39',NULL,'2016-11-07 01:29:39',NULL),(16,'Jana Gana Mana,File:Jana_Gana_Mana_instrumental.ogg','T','2016-11-07 01:29:39',NULL,'2016-11-07 01:29:39',NULL),(17,'1269346','T','2016-11-07 01:29:39',NULL,'2016-11-07 01:29:39',NULL),(18,'Speaker_of_the_Lok_Sabha','T','2016-11-07 01:29:39',NULL,'2016-11-07 01:29:39',NULL),(19,'Bhārat Gaṇarājya','T','2016-11-07 01:29:39',NULL,'2016-11-07 01:29:39',NULL),(20,'Federation,Parliamentary_system,Republic','T','2016-11-07 01:29:39',NULL,'2016-11-07 01:29:39',NULL),(21,'Flag of India.svg','T','2016-11-07 01:29:39',NULL,'2016-11-07 01:29:39',NULL),(22,'Hindi,English','T','2016-11-07 01:29:39',NULL,'2016-11-07 01:29:39',NULL),(25,'Republic of Indonesia','T','2016-11-07 01:38:28',NULL,'2016-11-07 01:38:28',NULL),(26,'Jusuf_Kalla','T','2016-11-07 01:38:28',NULL,'2016-11-07 01:38:28',NULL),(27,'255461700','T','2016-11-07 01:38:28',NULL,'2016-11-07 01:38:28',NULL),(28,'1945-08-17','T','2016-11-07 01:38:28',NULL,'2016-11-07 01:38:28',NULL),(29,'Demographics_of_Indonesia','T','2016-11-07 01:38:28',NULL,'2016-11-07 01:38:28',NULL),(30,'Time_in_Indonesia','T','2016-11-07 01:38:28',NULL,'2016-11-07 01:38:28',NULL),(31,'Indonesia','T','2016-11-07 01:38:28',NULL,'2016-11-07 01:38:28',NULL),(32,'1904569','T','2016-11-07 01:38:28',NULL,'2016-11-07 01:38:28',NULL),(33,'Indonesian_rupiah','T','2016-11-07 01:38:28',NULL,'2016-11-07 01:38:28',NULL),(34,'Indonesia Raya','T','2016-11-07 01:38:28',NULL,'2016-11-07 01:38:28',NULL),(35,'735358','T','2016-11-07 01:38:28',NULL,'2016-11-07 01:38:28',NULL),(36,'New_Delhi','T','2016-11-07 01:38:28',NULL,'2016-11-07 01:38:28',NULL),(37,'Jakarta','T','2016-11-07 01:38:28',NULL,'2016-11-07 01:38:28',NULL),(38,'Vice_President_of_Indonesia','T','2016-11-07 01:38:28',NULL,'2016-11-07 01:38:28',NULL),(39,'Republik Indonesia','T','2016-11-07 01:38:28',NULL,'2016-11-07 01:38:28',NULL),(40,'Unitary_state,Presidential_system,Republic','T','2016-11-07 01:38:28',NULL,'2016-11-07 01:38:28',NULL),(41,'Flag of Indonesia.svg','T','2016-11-07 01:38:28',NULL,'2016-11-07 01:38:28',NULL),(42,'Indonesian_language','T','2016-11-07 01:38:28',NULL,'2016-11-07 01:38:28',NULL),(43,'Italian Republic','T','2016-11-07 01:40:34',NULL,'2016-11-07 01:40:34',NULL),(44,'Laura_Boldrini','T','2016-11-07 01:40:34',NULL,'2016-11-07 01:40:34',NULL),(45,'60795612','T','2016-11-07 01:40:34',NULL,'2016-11-07 01:40:34',NULL),(46,'1861-03-17,1946-06-02','T','2016-11-07 01:40:34',NULL,'2016-11-07 01:40:34',NULL),(47,'9.6','T','2016-11-07 01:40:34',NULL,'2016-11-07 01:40:34',NULL),(48,'2.4','T','2016-11-07 01:40:34',NULL,'2016-11-07 01:40:34',NULL),(49,'Italy','T','2016-11-07 01:40:34',NULL,'2016-11-07 01:40:34',NULL),(50,'Central_European_Time','T','2016-11-07 01:40:34',NULL,'2016-11-07 01:40:34',NULL),(51,'Italians','T','2016-11-07 01:40:34',NULL,'2016-11-07 01:40:34',NULL),(52,'301338','T','2016-11-07 01:40:34',NULL,'2016-11-07 01:40:34',NULL),(53,'Euro b','T','2016-11-07 01:40:34',NULL,'2016-11-07 01:40:34',NULL),(54,'116347','T','2016-11-07 01:40:34',NULL,'2016-11-07 01:40:34',NULL),(55,'Rome','T','2016-11-07 01:40:34',NULL,'2016-11-07 01:40:34',NULL),(56,'List_of_Presidents_of_the_Italian_Chamber_of_Deputies','T','2016-11-07 01:40:34',NULL,'2016-11-07 01:40:34',NULL),(57,'Flag of Italy.svg','T','2016-11-07 01:40:34',NULL,'2016-11-07 01:40:34',NULL),(58,'Italiana','T','2016-11-07 01:40:34',NULL,'2016-11-07 01:40:34',NULL),(59,'124.66','T','2016-11-07 01:42:42',NULL,'2016-11-07 01:42:42',NULL),(60,'201.7','T','2016-11-07 01:42:42',NULL,'2016-11-07 01:42:42',NULL),(61,'322.87','T','2016-11-07 01:42:42',NULL,'2016-11-07 01:42:42',NULL),(62,'522.4','T','2016-11-07 01:42:42',NULL,'2016-11-07 01:42:42',NULL),(63,'https://www.youtube.com/embed/igIu-shinvI?rel=0','T','2016-11-07 02:07:08',NULL,'2016-11-07 02:07:08',NULL),(64,'https://www.youtube.com/embed/D6FmvzcKPpc?rel=0','T','2016-11-07 02:07:08',NULL,'2016-11-07 02:07:08',NULL),(65,'https://www.youtube.com/embed/SsQHAGluOO4?rel=0','T','2016-11-07 03:12:07',NULL,'2016-11-07 03:12:07',NULL),(66,'https://www.youtube.com/embed/SsQHAGluOO4?rel=0','T','2016-11-07 03:44:27',NULL,'2016-11-07 03:44:27',NULL),(67,'VU','T','2016-11-07 03:45:46',NULL,'2016-11-07 03:45:46',NULL),(68,'EN','T','2016-11-07 03:45:46',NULL,'2016-11-07 03:45:46',NULL),(69,'Carnivora','T','2016-11-07 03:45:46',NULL,'2016-11-07 03:45:46',NULL),(70,'iucn3.1','T','2016-11-07 03:45:46',NULL,'2016-11-07 03:45:46',NULL),(71,'Animalia','T','2016-11-07 03:45:46',NULL,'2016-11-07 03:45:46',NULL),(72,'Felis leo,(Linnaeus, 1758)','T','2016-11-07 03:45:46',NULL,'2016-11-07 03:45:46',NULL),(73,'Felis tigris (Linnaeus, 1758),Tigris striatus (Severtzov, 1858),Tigris regalis (Gray, 1867)','T','2016-11-07 03:45:46',NULL,'2016-11-07 03:45:46',NULL),(74,'Chordate','T','2016-11-07 03:45:46',NULL,'2016-11-07 03:45:46',NULL),(75,'Felidae','T','2016-11-07 03:45:46',NULL,'2016-11-07 03:45:46',NULL),(76,'Mammalia','T','2016-11-07 03:45:46',NULL,'2016-11-07 03:45:46',NULL),(77,'Panthera','T','2016-11-07 03:45:46',NULL,'2016-11-07 03:45:46',NULL),(78,'https://www.youtube.com/embed/RY5VR8Ui5cI?rel=0','T','2016-11-07 03:45:46',NULL,'2016-11-07 03:45:46',NULL),(79,'https://www.youtube.com/embed/RY5VR8Ui5cI?rel=0','T','2016-11-07 03:45:46',NULL,'2016-11-07 03:45:46',NULL),(80,'Islamic Republic of Iran','T','2016-11-07 03:54:44',NULL,'2016-11-07 03:54:44',NULL),(81,'Hassan_Rouhani','T','2016-11-07 03:54:44',NULL,'2016-11-07 03:54:44',NULL),(82,'78192200','T','2016-11-07 03:54:44',NULL,'2016-11-07 03:54:44',NULL),(83,'636372','T','2016-11-07 03:54:44',NULL,'2016-11-07 03:54:44',NULL),(84,'0.7','T','2016-11-07 03:54:44',NULL,'2016-11-07 03:54:44',NULL),(85,'Iranian, Persian','T','2016-11-07 03:54:44',NULL,'2016-11-07 03:54:44',NULL),(86,'Iran','T','2016-11-07 03:54:44',NULL,'2016-11-07 03:54:44',NULL),(87,'1648195','T','2016-11-07 03:54:44',NULL,'2016-11-07 03:54:44',NULL),(88,'Iranian_rial','T','2016-11-07 03:54:44',NULL,'2016-11-07 03:54:44',NULL),(89,'National_Anthem_of_the_Islamic_Republic_of_Iran','T','2016-11-07 03:54:44',NULL,'2016-11-07 03:54:44',NULL),(90,'President_of_Iran','T','2016-11-07 03:54:44',NULL,'2016-11-07 03:54:44',NULL),(91,'Tehran','T','2016-11-07 03:54:44',NULL,'2016-11-07 03:54:44',NULL),(92,'Iran_Standard_Time','T','2016-11-07 03:54:44',NULL,'2016-11-07 03:54:44',NULL),(93,'Islamic_republic,Theocratic-republican hybrid; unitary presidential republic subject to a Supreme Leader','T','2016-11-07 03:54:44',NULL,'2016-11-07 03:54:44',NULL),(94,'Flag of Iran.svg','T','2016-11-07 03:54:44',NULL,'2016-11-07 03:54:44',NULL),(95,'Persian_language','T','2016-11-07 03:54:44',NULL,'2016-11-07 03:54:44',NULL),(96,'https://www.youtube.com/embed/SsQHAGluOO4?rel=0','T','2016-11-07 03:54:44',NULL,'2016-11-07 03:54:44',NULL),(157,'0','T','2016-11-07 10:00:33',NULL,'2016-11-07 10:00:33',NULL),(158,'Rishikesh,Haridwar,Farrukhabad,Kanpur,Jajmau,Allahabad,Mirzapur,Varanasi,Ghazipur,Buxar,Ballia,Patna,Hajipur,Munger,Bhagalpur','T','2016-11-07 10:00:33',NULL,'2016-11-07 10:00:33',NULL),(159,'Kushalnagar,Srirangapatna,Erode,Tiruchirapalli,Thanjavur,KANAKAPURA','T','2016-11-07 10:00:33',NULL,'2016-11-07 10:00:33',NULL),(160,'Ganges','T','2016-11-07 10:00:33',NULL,'2016-11-07 10:00:33',NULL),(161,'Kaveri,ಕಾವೇರಿ,காவிரி','T','2016-11-07 10:00:33',NULL,'2016-11-07 10:00:33',NULL),(162,'Gangotri Glacier, Satopanth Glacier, Khatling Glacier, and waters from melted snow from such peaks as Nanda Devi, Trisul, Kedarnath, Nanda Kot, and Kamet.','T','2016-11-07 10:00:33',NULL,'2016-11-07 10:00:33',NULL),(163,'Talakaveri,Kodagu_district,Western_Ghats','T','2016-11-07 10:00:33',NULL,'2016-11-07 10:00:33',NULL),(164,'Yamuna,Tamsa_River,Son_River,Punpun_River,Tons_River,Hindon_River,Sasur_Khaderi_River','T','2016-11-07 10:00:33',NULL,'2016-11-07 10:00:33',NULL),(165,'Kabini_River,Bhavani_river,Noyyal_River,Amaravati_River','T','2016-11-07 10:00:33',NULL,'2016-11-07 10:00:33',NULL),(166,'Ramganga,Gomti_River,Ghaghara,Gandaki_River,Bagmati_River,Koshi_River,Mahananda_River','T','2016-11-07 10:00:33',NULL,'2016-11-07 10:00:33',NULL),(167,'Hemavati_River,Shimsha,Arkavati','T','2016-11-07 10:00:33',NULL,'2016-11-07 10:00:33',NULL),(168,'16648','T','2016-11-07 10:00:33',NULL,'2016-11-07 10:00:33',NULL),(169,'677','T','2016-11-07 10:00:33',NULL,'2016-11-07 10:00:33',NULL),(170,'Bay of Bengal','T','2016-11-07 10:00:33',NULL,'2016-11-07 10:00:33',NULL),(171,'Uttarakhand,Uttar_Pradesh,Bihar,Jharkhand,West_Bengal','T','2016-11-07 10:00:33',NULL,'2016-11-07 10:00:33',NULL),(172,'Karnataka,Tamil_Nadu','T','2016-11-07 10:00:33',NULL,'2016-11-07 10:00:33',NULL),(173,'3892','T','2016-11-07 10:00:33',NULL,'2016-11-07 10:00:33',NULL),(174,'1276','T','2016-11-07 10:00:33',NULL,'2016-11-07 10:00:33',NULL),(175,'Uttarakhand','T','2016-11-07 10:00:33',NULL,'2016-11-07 10:00:33',NULL),(176,'Karnataka','T','2016-11-07 10:00:33',NULL,'2016-11-07 10:00:33',NULL),(177,'https://www.youtube.com/embed/YixexOF42Vk?rel=0','T','2016-11-07 10:00:33',NULL,'2016-11-07 10:00:33',NULL),(178,'https://www.youtube.com/embed/YixexOF42Vk?rel=0','T','2016-11-07 10:00:33',NULL,'2016-11-07 10:00:33',NULL),(179,'https://www.youtube.com/embed/QpRbOiAoKoc?rel=0','T','2016-11-07 10:01:56',NULL,'2016-11-07 10:01:56',NULL),(180,'https://www.youtube.com/embed/QpRbOiAoKoc?rel=0','T','2016-11-07 10:01:56',NULL,'2016-11-07 10:01:56',NULL),(181,'Naples,Campania,Italy','T','2016-11-07 10:02:29',NULL,'2016-11-07 10:02:29',NULL),(182,'Durum,Flour','T','2016-11-07 10:02:29',NULL,'2016-11-07 10:02:29',NULL),(183,'Dough, often tomato sauce, cheese','T','2016-11-07 10:02:29',NULL,'2016-11-07 10:02:29',NULL),(184,'Pasta','T','2016-11-07 10:02:29',NULL,'2016-11-07 10:02:29',NULL),(185,'Pizza','T','2016-11-07 10:02:29',NULL,'2016-11-07 10:02:29',NULL),(186,'https://www.youtube.com/embed/ooLf2kzULaY?rel=0','T','2016-11-07 10:02:29',NULL,'2016-11-07 10:02:29',NULL),(187,'https://www.youtube.com/embed/ooLf2kzULaY?rel=0','T','2016-11-07 10:02:29',NULL,'2016-11-07 10:02:29',NULL),(188,'https://www.youtube.com/embed/qoU0nyNwp8c?rel=0','T','2016-11-07 10:04:27',NULL,'2016-11-07 10:04:27',NULL),(189,'https://www.youtube.com/embed/qoU0nyNwp8c?rel=0','T','2016-11-07 10:04:27',NULL,'2016-11-07 10:04:27',NULL),(190,'https://www.youtube.com/embed/Z4uN7YWd47M?rel=0','T','2016-11-07 10:04:57',NULL,'2016-11-07 10:04:57',NULL),(191,'https://www.youtube.com/embed/Z4uN7YWd47M?rel=0','T','2016-11-07 10:04:57',NULL,'2016-11-07 10:04:57',NULL),(192,'https://www.youtube.com/embed/NN_Zq9REW60?rel=0','T','2016-11-07 10:05:20',NULL,'2016-11-07 10:05:20',NULL),(193,'https://www.youtube.com/embed/NN_Zq9REW60?rel=0','T','2016-11-07 10:05:20',NULL,'2016-11-07 10:05:20',NULL),(194,'https://www.youtube.com/embed/IiCMDkWKBqw?rel=0','T','2016-11-07 10:06:57',NULL,'2016-11-07 10:06:57',NULL),(195,'https://www.youtube.com/embed/IiCMDkWKBqw?rel=0','T','2016-11-07 10:06:57',NULL,'2016-11-07 10:06:57',NULL),(196,'https://www.youtube.com/embed/1CPNjLDVtEQ?rel=0','T','2016-11-07 10:07:33',NULL,'2016-11-07 10:07:33',NULL),(197,'https://www.youtube.com/embed/1CPNjLDVtEQ?rel=0','T','2016-11-07 10:07:33',NULL,'2016-11-07 10:07:33',NULL),(198,'https://www.youtube.com/embed/Oq8nYgnE93Y?rel=0','T','2016-11-07 10:08:03',NULL,'2016-11-07 10:08:03',NULL),(199,'https://www.youtube.com/embed/Oq8nYgnE93Y?rel=0','T','2016-11-07 10:08:03',NULL,'2016-11-07 10:08:03',NULL),(200,'People\'s Republic of China','T','2016-11-07 10:08:29',NULL,'2016-11-07 10:08:29',NULL),(201,'Liu_Yunshan','T','2016-11-07 10:08:29',NULL,'2016-11-07 10:08:29',NULL),(202,'1376049000','T','2016-11-07 10:08:29',NULL,'2016-11-07 10:08:29',NULL),(203,'1912-01-01','T','2016-11-07 10:08:29',NULL,'2016-11-07 10:08:29',NULL),(204,'2.8','T','2016-11-07 10:08:29',NULL,'2016-11-07 10:08:29',NULL),(205,'the People\'s Republic of China','T','2016-11-07 10:08:29',NULL,'2016-11-07 10:08:29',NULL),(206,'Chinese','T','2016-11-07 10:08:29',NULL,'2016-11-07 10:08:29',NULL),(207,'9596961','T','2016-11-07 10:08:29',NULL,'2016-11-07 10:08:29',NULL),(208,'Renminbi (yuan)','T','2016-11-07 10:08:29',NULL,'2016-11-07 10:08:29',NULL),(209,'3705407','T','2016-11-07 10:08:29',NULL,'2016-11-07 10:08:29',NULL),(210,'Shanghai','T','2016-11-07 10:08:29',NULL,'2016-11-07 10:08:29',NULL),(211,'Mumbai','T','2016-11-07 10:08:29',NULL,'2016-11-07 10:08:29',NULL),(212,'Beijing','T','2016-11-07 10:08:29',NULL,'2016-11-07 10:08:29',NULL),(213,'Time_in_China','T','2016-11-07 10:08:29',NULL,'2016-11-07 10:08:29',NULL),(214,'Socialism_with_Chinese_characteristics,One-party_state','T','2016-11-07 10:08:29',NULL,'2016-11-07 10:08:29',NULL),(215,'Flag_of_the_People%27s_Republic_of_China.svg','T','2016-11-07 10:08:29',NULL,'2016-11-07 10:08:29',NULL),(216,'Standard_Chinese','T','2016-11-07 10:08:29',NULL,'2016-11-07 10:08:29',NULL),(217,'First-ranked Secretary of the Secretariat','T','2016-11-07 10:08:29',NULL,'2016-11-07 10:08:29',NULL),(218,'https://www.youtube.com/embed/SLbGCHHT3F4?rel=0','T','2016-11-07 10:08:29',NULL,'2016-11-07 10:08:29',NULL),(219,'Jinja,_Uganda,Juba,Khartoum,Cairo','T','2016-11-07 10:49:55',NULL,'2016-11-07 10:49:55',NULL),(220,'Nile','T','2016-11-07 10:49:55',NULL,'2016-11-07 10:49:55',NULL),(221,'Mediterranean Sea','T','2016-11-07 10:49:55',NULL,'2016-11-07 10:49:55',NULL),(222,'2700','T','2016-11-07 10:49:55',NULL,'2016-11-07 10:49:55',NULL),(223,'Rwanda','T','2016-11-07 10:49:55',NULL,'2016-11-07 10:49:55',NULL),(224,'Bangladesh','T','2016-11-07 10:49:55',NULL,'2016-11-07 10:49:55',NULL),(225,'Egypt','T','2016-11-07 10:49:55',NULL,'2016-11-07 10:49:55',NULL),(226,'https://www.youtube.com/embed/k3fFPeZfBzk?rel=0','T','2016-11-07 13:00:27',NULL,'2016-11-07 13:00:27',NULL),(227,'https://www.youtube.com/embed/k3fFPeZfBzk?rel=0','T','2016-11-07 13:00:27',NULL,'2016-11-07 13:00:27',NULL),(228,'https://www.youtube.com/embed/ppspz2ZiBaY?rel=0','T','2016-11-07 13:00:54',NULL,'2016-11-07 13:00:54',NULL),(229,'https://www.youtube.com/embed/ppspz2ZiBaY?rel=0','T','2016-11-07 13:00:54',NULL,'2016-11-07 13:00:54',NULL),(230,'https://www.youtube.com/embed/WMFIhm64d_A?rel=0','T','2016-11-07 13:01:18',NULL,'2016-11-07 13:01:18',NULL),(231,'https://www.youtube.com/embed/WMFIhm64d_A?rel=0','T','2016-11-07 13:01:18',NULL,'2016-11-07 13:01:18',NULL),(232,'https://www.youtube.com/embed/SYeAdlhnY08?rel=0','T','2016-11-07 15:56:56',NULL,'2016-11-07 15:56:56',NULL),(233,'https://www.youtube.com/embed/ooLf2kzULaY?rel=0','T','2016-11-07 15:57:13',NULL,'2016-11-07 15:57:13',NULL),(234,'PL/C','T','2016-11-07 15:58:04',NULL,'2016-11-07 15:58:04',NULL),(235,'C++','T','2016-11-07 15:58:04',NULL,'2016-11-07 15:58:04',NULL),(236,'https://www.youtube.com/embed/GuZFpc0diJ4?rel=0','T','2016-11-07 15:58:04',NULL,'2016-11-07 15:58:04',NULL),(237,'https://www.youtube.com/embed/GuZFpc0diJ4?rel=0','T','2016-11-07 15:58:04',NULL,'2016-11-07 15:58:04',NULL),(238,'5.3576414E7','T','2016-11-07 15:58:15',NULL,'2016-11-07 15:58:15',NULL),(239,'5.22','T','2016-11-07 15:58:15',NULL,'2016-11-07 15:58:15',NULL),(240,'Ada_(programming_language),C99,C_Sharp_(programming_language),Chapel_(programming_language),D_(programming_language),Java_(programming_language),Lua_(programming_language),Rust_(programming_language),Perl,PHP','T','2016-11-07 15:58:15',NULL,'2016-11-07 15:58:15',NULL),(241,'Chapel, Coffeescript, ECMAScript/JavaScript, Falcon, Groovy, Julia, LPC, Perl 6, PHP, Python, Ruby, Windows PowerShell','T','2016-11-07 15:58:15',NULL,'2016-11-07 15:58:15',NULL),(242,'Bjarne_Stroustrup','T','2016-11-07 15:58:15',NULL,'2016-11-07 15:58:15',NULL),(243,'Larry_Wall','T','2016-11-07 15:58:15',NULL,'2016-11-07 15:58:15',NULL),(244,'C_(programming_language),Simula,ALGOL_68,Ada_(programming_language),CLU_(programming_language),ML_(programming_language)','T','2016-11-07 15:58:15',NULL,'2016-11-07 15:58:15',NULL),(245,'AWK,Smalltalk,Lisp_(programming_language),C_(programming_language),C++,Sed,Unix_shell,Pascal_(programming_language)','T','2016-11-07 15:58:15',NULL,'2016-11-07 15:58:15',NULL),(246,'Perl','T','2016-11-07 15:58:15',NULL,'2016-11-07 15:58:15',NULL),(247,'https://www.youtube.com/embed/GuZFpc0diJ4?rel=0','T','2016-11-07 15:58:15',NULL,'2016-11-07 15:58:15',NULL),(248,'Ruby','T','2016-11-07 16:00:12',NULL,'2016-11-07 16:00:12',NULL),(249,'https://www.youtube.com/embed/GuZFpc0diJ4?rel=0','T','2016-11-07 16:00:12',NULL,'2016-11-07 16:00:12',NULL),(250,'https://www.youtube.com/embed/GuZFpc0diJ4?rel=0','T','2016-11-07 16:00:33',NULL,'2016-11-07 16:00:33',NULL),(251,'https://www.youtube.com/embed/NP2-M3qRqAU?rel=0','T','2016-11-07 16:01:02',NULL,'2016-11-07 16:01:02',NULL),(252,'https://www.youtube.com/embed/NP2-M3qRqAU?rel=0','T','2016-11-07 16:01:02',NULL,'2016-11-07 16:01:02',NULL),(253,'https://www.youtube.com/embed/NP2-M3qRqAU?rel=0','T','2016-11-07 16:01:14',NULL,'2016-11-07 16:01:14',NULL),(254,'https://www.youtube.com/embed/YixexOF42Vk?rel=0','T','2016-11-07 16:01:28',NULL,'2016-11-07 16:01:28',NULL),(255,'Krishna','T','2016-11-07 16:01:52',NULL,'2016-11-07 16:01:52',NULL),(256,'Venna_River,Koyna_River,Panchganga_River,Dudhaganga,Ghataprabha_River,Malaprabha_River,Tungabhadra_River','T','2016-11-07 16:01:52',NULL,'2016-11-07 16:01:52',NULL),(257,'Bhima_River,Musi_River_(India),Paleru,Munneru','T','2016-11-07 16:01:52',NULL,'2016-11-07 16:01:52',NULL),(258,'2213','T','2016-11-07 16:01:52',NULL,'2016-11-07 16:01:52',NULL),(259,'Maharashtra,Karnataka,Telangana,Andhra_Pradesh','T','2016-11-07 16:01:52',NULL,'2016-11-07 16:01:52',NULL),(260,'914','T','2016-11-07 16:01:52',NULL,'2016-11-07 16:01:52',NULL),(261,'Satara_district','T','2016-11-07 16:01:52',NULL,'2016-11-07 16:01:52',NULL),(262,'https://www.youtube.com/embed/YixexOF42Vk?rel=0','T','2016-11-07 16:01:52',NULL,'2016-11-07 16:01:52',NULL),(263,'Ethiopia,Sudan,Egypt,Uganda,Congo-Kinshasa,Kenya,Tanzania,Rwanda,Burundi,South Sudan,Eritrea','T','2016-11-07 16:02:50',NULL,'2016-11-07 16:02:50',NULL),(264,'https://www.youtube.com/embed/CVhc9WuEt90?rel=0','T','2016-11-07 16:03:40',NULL,'2016-11-07 16:03:40',NULL),(265,'https://www.youtube.com/embed/CVhc9WuEt90?rel=0','T','2016-11-07 16:03:40',NULL,'2016-11-07 16:03:40',NULL),(266,'https://www.youtube.com/embed/CVhc9WuEt90?rel=0','T','2016-11-07 16:04:14',NULL,'2016-11-07 16:04:14',NULL),(267,'https://upload.wikimedia.org/wikipedia/en/4/41/Flag_of_India.svg','T','2016-11-09 11:32:50',NULL,'2016-11-09 11:32:50',NULL),(268,'https://upload.wikimedia.org/wikipedia/en/0/03/Flag_of_Italy.svg','T','2016-11-09 11:32:50',NULL,'2016-11-09 11:32:50',NULL),(269,'https://upload.wikimedia.org/wikipedia/commons/b/b9/Varanasiganga.jpg','T','2016-11-09 11:33:57',NULL,'2016-11-09 11:33:57',NULL),(270,'https://upload.wikimedia.org/wikipedia/commons/a/a1/Evening%2C_Nile_River%2C_Uganda.jpg','T','2016-11-09 11:33:57',NULL,'2016-11-09 11:33:57',NULL),(271,'https://upload.wikimedia.org/wikipedia/commons/9/9f/Flag_of_Indonesia.svg','T','2016-11-09 11:36:46',NULL,'2016-11-09 11:36:46',NULL),(272,'https://upload.wikimedia.org/wikipedia/commons/2/25/Seal_of_the_Central_Intelligence_Agency.svg','T','2016-11-09 11:46:34',NULL,'2016-11-09 11:46:34',NULL),(273,'','T','2016-11-09 11:46:34',NULL,'2016-11-09 11:46:34',NULL),(274,'https://upload.wikimedia.org/wikipedia/commons/f/fc/MarkZuckerberg-crop.jpg','T','2016-11-09 11:48:34',NULL,'2016-11-09 11:48:34',NULL),(275,'https://upload.wikimedia.org/wikipedia/commons/f/f7/LinkedIn_Headquarters_Mountain_View.jpg','T','2016-11-09 11:48:34',NULL,'2016-11-09 11:48:34',NULL),(276,'https://upload.wikimedia.org/wikipedia/commons/1/15/Red_Apple.jpg','T','2016-11-09 12:00:41',NULL,'2016-11-09 12:00:41',NULL),(277,'https://upload.wikimedia.org/wikipedia/commons/0/0e/Googleplex-Patio-Aug-2014.JPG','T','2016-11-09 12:00:41',NULL,'2016-11-09 12:00:41',NULL),(278,'https://upload.wikimedia.org/wikipedia/commons/b/b0/Apple_Headquarters_in_Cupertino.jpg','T','2016-11-09 12:01:07',NULL,'2016-11-09 12:01:07',NULL),(279,'https://www.youtube.com/embed/DQh-1N_inMc?rel=0','T','2016-11-09 12:01:07',NULL,'2016-11-09 12:01:07',NULL),(280,'Federal Republic of Germany','T','2016-11-09 12:01:20',NULL,'2016-11-09 12:01:20',NULL),(281,'Andreas_Voßkuhle','T','2016-11-09 12:01:20',NULL,'2016-11-09 12:01:20',NULL),(282,'81459000','T','2016-11-09 12:01:20',NULL,'2016-11-09 12:01:20',NULL),(283,'https://upload.wikimedia.org/wikipedia/en/b/ba/Flag_of_Germany.svg','T','2016-11-09 12:01:20',NULL,'2016-11-09 12:01:20',NULL),(284,'0962-02-02,1815-06-08','T','2016-11-09 12:01:20',NULL,'2016-11-09 12:01:20',NULL),(285,'Germany','T','2016-11-09 12:01:20',NULL,'2016-11-09 12:01:20',NULL),(286,'Germans','T','2016-11-09 12:01:20',NULL,'2016-11-09 12:01:20',NULL),(287,'357168','T','2016-11-09 12:01:20',NULL,'2016-11-09 12:01:20',NULL),(288,'Euro','T','2016-11-09 12:01:20',NULL,'2016-11-09 12:01:20',NULL),(289,'Deutschlandlied,File:German_national_anthem_performed_by_the_US_Navy_Band.ogg','T','2016-11-09 12:01:20',NULL,'2016-11-09 12:01:20',NULL),(290,'137847','T','2016-11-09 12:01:20',NULL,'2016-11-09 12:01:20',NULL),(291,'Berlin','T','2016-11-09 12:01:20',NULL,'2016-11-09 12:01:20',NULL),(292,'Federal_Constitutional_Court_of_Germany','T','2016-11-09 12:01:20',NULL,'2016-11-09 12:01:20',NULL),(293,'Federalism,Parliamentary_system,Republic','T','2016-11-09 12:01:20',NULL,'2016-11-09 12:01:20',NULL),(294,'Flag of Germany.svg','T','2016-11-09 12:01:20',NULL,'2016-11-09 12:01:20',NULL),(295,'German','T','2016-11-09 12:01:20',NULL,'2016-11-09 12:01:20',NULL),(296,'capital','T','2016-11-09 12:01:20',NULL,'2016-11-09 12:01:20',NULL),(297,'https://upload.wikimedia.org/wikipedia/commons/0/0b/Cat_poster_1.jpg','T','2016-11-09 12:01:45',NULL,'2016-11-09 12:01:45',NULL),(298,'https://upload.wikimedia.org/wikipedia/commons/d/d9/Collage_of_Nine_Dogs.jpg','T','2016-11-09 12:01:45',NULL,'2016-11-09 12:01:45',NULL),(299,'Java','T','2016-11-09 12:02:20',NULL,'2016-11-09 12:02:20',NULL),(300,'https://upload.wikimedia.org/wikipedia/commons/f/ff/C_cursiva.gif','T','2016-11-09 12:02:20',NULL,'2016-11-09 12:02:20',NULL),(301,'https://upload.wikimedia.org/wikipedia/commons/4/43/Java_Topography.png','T','2016-11-09 12:02:20',NULL,'2016-11-09 12:02:20',NULL),(304,'https://upload.wikimedia.org/wikipedia/commons/8/80/Ruby_-_Winza%2C_Tanzania.jpg','T','2016-11-09 12:03:40',NULL,'2016-11-09 12:03:40',NULL),(305,'https://upload.wikimedia.org/wikipedia/commons/a/a4/Rust_on_iron.jpg','T','2016-11-09 12:03:40',NULL,'2016-11-09 12:03:40',NULL),(306,'https://upload.wikimedia.org/wikipedia/commons/f/fa/Flag_of_the_People%27s_Republic_of_China.svg','T','2016-11-09 12:03:47',NULL,'2016-11-09 12:03:47',NULL),(307,'Proboscidea','T','2016-11-09 12:04:14',NULL,'2016-11-09 12:04:14',NULL),(308,'Even-toed_ungulate','T','2016-11-09 12:04:14',NULL,'2016-11-09 12:04:14',NULL),(309,'Elephants','T','2016-11-09 12:04:14',NULL,'2016-11-09 12:04:14',NULL),(310,'Giraffe','T','2016-11-09 12:04:14',NULL,'2016-11-09 12:04:14',NULL),(311,'https://upload.wikimedia.org/wikipedia/commons/3/37/African_Bush_Elephant.jpg','T','2016-11-09 12:04:14',NULL,'2016-11-09 12:04:14',NULL),(312,'https://upload.wikimedia.org/wikipedia/commons/9/9e/Giraffe_Mikumi_National_Park.jpg','T','2016-11-09 12:04:14',NULL,'2016-11-09 12:04:14',NULL),(313,'Elephantidae','T','2016-11-09 12:04:14',NULL,'2016-11-09 12:04:14',NULL),(314,'Giraffidae','T','2016-11-09 12:04:14',NULL,'2016-11-09 12:04:14',NULL),(315,'Mammal','T','2016-11-09 12:04:14',NULL,'2016-11-09 12:04:14',NULL),(316,'https://www.youtube.com/embed/CP5uJVpHrVw?rel=0','T','2016-11-09 12:04:14',NULL,'2016-11-09 12:04:14',NULL),(317,'https://www.youtube.com/embed/CP5uJVpHrVw?rel=0','T','2016-11-09 12:04:14',NULL,'2016-11-09 12:04:14',NULL),(318,'Deer','T','2016-11-09 12:04:07',NULL,'2016-11-09 12:04:07',NULL),(319,'Lion','T','2016-11-09 12:04:07',NULL,'2016-11-09 12:04:07',NULL),(320,'https://upload.wikimedia.org/wikipedia/commons/d/d9/Family_Cervidae_five_species.jpg','T','2016-11-09 12:04:07',NULL,'2016-11-09 12:04:07',NULL),(321,'https://upload.wikimedia.org/wikipedia/commons/7/73/Lion_waiting_in_Namibia.jpg','T','2016-11-09 12:04:07',NULL,'2016-11-09 12:04:07',NULL),(322,'https://www.youtube.com/embed/5EmMP1clrKU?rel=0','T','2016-11-09 12:04:07',NULL,'2016-11-09 12:04:07',NULL),(323,'https://upload.wikimedia.org/wikipedia/commons/4/49/Panthera_tigris_tigris.jpg','T','2016-11-09 12:05:33',NULL,'2016-11-09 12:05:33',NULL),(324,'Vertebrate','T','2016-11-09 12:05:33',NULL,'2016-11-09 12:05:33',NULL),(325,'https://upload.wikimedia.org/wikipedia/commons/a/a5/Parrot_montage.jpg','T','2016-11-09 12:05:43',NULL,'2016-11-09 12:05:43',NULL),(326,'https://upload.wikimedia.org/wikipedia/commons/2/2b/Rock_dove_-_natures_pics.jpg','T','2016-11-09 12:05:43',NULL,'2016-11-09 12:05:43',NULL),(327,'https://www.youtube.com/embed/9UbjVkmp9Uk?rel=0','T','2016-11-09 12:05:43',NULL,'2016-11-09 12:05:43',NULL),(328,'https://www.youtube.com/embed/9UbjVkmp9Uk?rel=0','T','2016-11-09 12:05:43',NULL,'2016-11-09 12:05:43',NULL),(329,'https://upload.wikimedia.org/wikipedia/commons/f/f5/House_Sparrow_mar08.jpg','T','2016-11-09 12:05:58',NULL,'2016-11-09 12:05:58',NULL),(330,'https://www.youtube.com/embed/9UbjVkmp9Uk?rel=0','T','2016-11-09 12:05:58',NULL,'2016-11-09 12:05:58',NULL),(331,'https://upload.wikimedia.org/wikipedia/commons/9/9e/Guira_guira.jpg','T','2016-11-09 12:06:32',NULL,'2016-11-09 12:06:32',NULL),(332,'https://www.youtube.com/embed/3T23QZezXCA?rel=0','T','2016-11-09 12:06:32',NULL,'2016-11-09 12:06:32',NULL),(333,'https://upload.wikimedia.org/wikipedia/commons/c/c5/Peacock_Plumage.jpg','T','2016-11-09 12:06:44',NULL,'2016-11-09 12:06:44',NULL),(334,'https://www.youtube.com/embed/9UbjVkmp9Uk?rel=0','T','2016-11-09 12:06:44',NULL,'2016-11-09 12:06:44',NULL),(335,'https://upload.wikimedia.org/wikipedia/commons/9/9a/Hyaenidae_range.png','T','2016-11-09 12:07:25',NULL,'2016-11-09 12:07:25',NULL),(336,'https://www.youtube.com/embed/otT9UjHKMDU?rel=0','T','2016-11-09 12:07:25',NULL,'2016-11-09 12:07:25',NULL),(337,'https://upload.wikimedia.org/wikipedia/commons/a/ac/Arriva_T6_nearside.JPG','T','2016-11-09 12:08:40',NULL,'2016-11-09 12:08:40',NULL),(338,'https://upload.wikimedia.org/wikipedia/commons/8/86/BNSF_5350_20040808_Prairie_du_Chien_WI.jpg','T','2016-11-09 12:08:40',NULL,'2016-11-09 12:08:40',NULL),(339,'https://www.youtube.com/embed/jPhapIo3Ht0?rel=0','T','2016-11-09 12:08:40',NULL,'2016-11-09 12:08:40',NULL),(340,'https://www.youtube.com/embed/jPhapIo3Ht0?rel=0','T','2016-11-09 12:08:40',NULL,'2016-11-09 12:08:40',NULL),(341,'https://upload.wikimedia.org/wikipedia/commons/2/22/IBM_Watson.PNG','T','2016-11-09 12:09:02',NULL,'2016-11-09 12:09:02',NULL),(342,'https://www.youtube.com/embed/k3fFPeZfBzk?rel=0','T','2016-11-09 12:09:02',NULL,'2016-11-09 12:09:02',NULL),(343,'https://upload.wikimedia.org/wikipedia/commons/f/ff/C_cursiva.gif','T','2016-11-09 12:14:09',NULL,'2016-11-09 12:14:09',NULL),(344,'https://upload.wikimedia.org/wikipedia/commons/8/85/Camelia.svg','T','2016-11-09 12:14:09',NULL,'2016-11-09 12:14:09',NULL),(345,'https://upload.wikimedia.org/wikipedia/commons/f/ff/C_cursiva.gif','T','2016-11-09 12:15:49',NULL,'2016-11-09 12:15:49',NULL),(346,'https://upload.wikimedia.org/wikipedia/commons/8/85/Camelia.svg','T','2016-11-09 12:15:49',NULL,'2016-11-09 12:15:49',NULL),(347,'https://upload.wikimedia.org/wikipedia/commons/f/ff/C_cursiva.gif','T','2016-11-09 12:16:07',NULL,'2016-11-09 12:16:07',NULL),(348,'https://upload.wikimedia.org/wikipedia/commons/8/85/Camelia.svg','T','2016-11-09 12:16:07',NULL,'2016-11-09 12:16:07',NULL),(349,'https://upload.wikimedia.org/wikipedia/commons/f/ff/C_cursiva.gif','T','2016-11-09 12:16:17',NULL,'2016-11-09 12:16:17',NULL),(350,'https://upload.wikimedia.org/wikipedia/commons/8/85/Camelia.svg','T','2016-11-09 12:16:17',NULL,'2016-11-09 12:16:17',NULL),(351,'https://upload.wikimedia.org/wikipedia/commons/f/ff/C_cursiva.gif','T','2016-11-09 12:16:53',NULL,'2016-11-09 12:16:53',NULL),(352,'https://upload.wikimedia.org/wikipedia/commons/8/85/Camelia.svg','T','2016-11-09 12:16:53',NULL,'2016-11-09 12:16:53',NULL),(353,'https://upload.wikimedia.org/wikipedia/commons/f/ff/C_cursiva.gif','T','2016-11-09 12:17:23',NULL,'2016-11-09 12:17:23',NULL),(354,'https://upload.wikimedia.org/wikipedia/commons/8/85/Camelia.svg','T','2016-11-09 12:17:23',NULL,'2016-11-09 12:17:23',NULL),(355,'https://upload.wikimedia.org/wikipedia/commons/f/ff/C_cursiva.gif','T','2016-11-09 12:17:39',NULL,'2016-11-09 12:17:39',NULL),(356,'https://upload.wikimedia.org/wikipedia/commons/8/85/Camelia.svg','T','2016-11-09 12:17:39',NULL,'2016-11-09 12:17:39',NULL),(357,'https://upload.wikimedia.org/wikipedia/commons/f/ff/C_cursiva.gif','T','2016-11-09 12:17:59',NULL,'2016-11-09 12:17:59',NULL),(358,'https://upload.wikimedia.org/wikipedia/commons/8/85/Camelia.svg','T','2016-11-09 12:17:59',NULL,'2016-11-09 12:17:59',NULL),(359,'https://upload.wikimedia.org/wikipedia/commons/f/ff/C_cursiva.gif','T','2016-11-09 12:18:27',NULL,'2016-11-09 12:18:27',NULL),(360,'https://upload.wikimedia.org/wikipedia/commons/8/85/Camelia.svg','T','2016-11-09 12:18:27',NULL,'2016-11-09 12:18:27',NULL),(361,'https://upload.wikimedia.org/wikipedia/commons/f/ff/C_cursiva.gif','T','2016-11-09 12:18:40',NULL,'2016-11-09 12:18:40',NULL),(362,'https://upload.wikimedia.org/wikipedia/commons/8/85/Camelia.svg','T','2016-11-09 12:18:40',NULL,'2016-11-09 12:18:40',NULL),(363,'https://upload.wikimedia.org/wikipedia/commons/f/ff/C_cursiva.gif','T','2016-11-09 12:19:17',NULL,'2016-11-09 12:19:17',NULL),(364,'https://upload.wikimedia.org/wikipedia/commons/8/85/Camelia.svg','T','2016-11-09 12:19:17',NULL,'2016-11-09 12:19:17',NULL),(365,'https://upload.wikimedia.org/wikipedia/commons/f/ff/C_cursiva.gif','T','2016-11-09 12:19:39',NULL,'2016-11-09 12:19:39',NULL),(366,'https://upload.wikimedia.org/wikipedia/commons/8/85/Camelia.svg','T','2016-11-09 12:19:39',NULL,'2016-11-09 12:19:39',NULL),(367,'505','T','2016-11-09 12:20:10',NULL,'2016-11-09 12:20:10',NULL),(368,'14','T','2016-11-09 12:20:10',NULL,'2016-11-09 12:20:10',NULL),(369,'www.ghmc.gov.in','T','2016-11-09 12:20:10',NULL,'2016-11-09 12:20:10',NULL),(370,'www.mcgm.gov.in','T','2016-11-09 12:20:10',NULL,'2016-11-09 12:20:10',NULL),(371,'Bonthu_Ram_Mohan','T','2016-11-09 12:20:10',NULL,'2016-11-09 12:20:10',NULL),(372,'Snehal_Ambekar','T','2016-11-09 12:20:10',NULL,'2016-11-09 12:20:10',NULL),(373,'Hyderabad','T','2016-11-09 12:20:10',NULL,'2016-11-09 12:20:10',NULL),(374,'7100','T','2016-11-09 12:20:10',NULL,'2016-11-09 12:20:10',NULL),(375,'4355','T','2016-11-09 12:20:10',NULL,'2016-11-09 12:20:10',NULL),(376,'+91–40, 8685, 8413, 8414, 8415, 8417, 8418, 8453, 8455','T','2016-11-09 12:20:10',NULL,'2016-11-09 12:20:10',NULL),(377,'Telephone_numbers_in_India','T','2016-11-09 12:20:10',NULL,'2016-11-09 12:20:10',NULL),(378,'6731790','T','2016-11-09 12:20:10',NULL,'2016-11-09 12:20:10',NULL),(379,'12442373','T','2016-11-09 12:20:10',NULL,'2016-11-09 12:20:10',NULL),(380,'650','T','2016-11-09 12:20:10',NULL,'2016-11-09 12:20:10',NULL),(381,'603','T','2016-11-09 12:20:10',NULL,'2016-11-09 12:20:10',NULL),(382,'4','T','2016-11-09 12:20:10',NULL,'2016-11-09 12:20:10',NULL),(383,'1.0','T','2016-11-09 12:20:10',NULL,'2016-11-09 12:20:10',NULL),(384,'330.0','T','2016-11-09 12:20:10',NULL,'2016-11-09 12:20:10',NULL),(385,'Police_commissioner','T','2016-11-09 12:20:10',NULL,'2016-11-09 12:20:10',NULL),(386,'Municipal_Commissioner_of_Mumbai','T','2016-11-09 12:20:10',NULL,'2016-11-09 12:20:10',NULL),(387,'Telangana,Deccan_Plateau,Hyderabad, Ranga Reddy and Medak','T','2016-11-09 12:20:10',NULL,'2016-11-09 12:20:10',NULL),(388,'Maharashtra,Mumbai_City_district,Mumbai_Suburban_district,Marathi_language','T','2016-11-09 12:20:10',NULL,'2016-11-09 12:20:10',NULL),(389,'Metropolis','T','2016-11-09 12:20:10',NULL,'2016-11-09 12:20:10',NULL),(390,'500','T','2016-11-09 12:20:10',NULL,'2016-11-09 12:20:10',NULL),(391,'400001','T','2016-11-09 12:20:10',NULL,'2016-11-09 12:20:10',NULL),(392,'Greater_Hyderabad_Municipal_Corporation,Hyderabad_Metropolitan_Development_Authority','T','2016-11-09 12:20:10',NULL,'2016-11-09 12:20:10',NULL),(393,'Brihanmumbai_Municipal_Corporation','T','2016-11-09 12:20:10',NULL,'2016-11-09 12:20:10',NULL),(394,'Mayor–council_government','T','2016-11-09 12:20:10',NULL,'2016-11-09 12:20:10',NULL),(395,'City of Pearls','T','2016-11-09 12:20:10',NULL,'2016-11-09 12:20:10',NULL),(396,'City of Seven Islands, City of Dreams, Gateway to India, Hollywood of India','T','2016-11-09 12:20:10',NULL,'2016-11-09 12:20:10',NULL),(397,'7749334','T','2016-11-09 12:20:10',NULL,'2016-11-09 12:20:10',NULL),(398,'18414288,20748395','T','2016-11-09 12:20:10',NULL,'2016-11-09 12:20:10',NULL),(399,'https://www.youtube.com/embed/T0yfCJdDaS8?rel=0','T','2016-11-09 12:20:10',NULL,'2016-11-09 12:20:10',NULL),(400,'https://www.youtube.com/embed/T0yfCJdDaS8?rel=0','T','2016-11-09 12:20:10',NULL,'2016-11-09 12:20:10',NULL),(401,'https://upload.wikimedia.org/wikipedia/commons/e/e2/India_Telangana_location_map.svg','T','2016-11-09 12:20:10',NULL,'2016-11-09 12:20:10',NULL),(402,'https://upload.wikimedia.org/wikipedia/commons/1/14/India_Maharashtra_location_map.svg','T','2016-11-09 12:20:10',NULL,'2016-11-09 12:20:10',NULL),(403,'https://www.youtube.com/embed/T0yfCJdDaS8?rel=0','T','2016-11-09 12:20:34',NULL,'2016-11-09 12:20:34',NULL),(404,'https://upload.wikimedia.org/wikipedia/commons/e/e2/India_Telangana_location_map.svg','T','2016-11-09 12:20:34',NULL,'2016-11-09 12:20:34',NULL),(405,'https://upload.wikimedia.org/wikipedia/commons/7/73/NewDelhiMontage.png','T','2016-11-09 12:20:34',NULL,'2016-11-09 12:20:34',NULL),(406,'200','T','2016-11-09 12:20:47',NULL,'2016-11-09 12:20:47',NULL),(407,'Alok_Verma','T','2016-11-09 12:20:47',NULL,'2016-11-09 12:20:47',NULL),(408,'Delhi','T','2016-11-09 12:20:47',NULL,'2016-11-09 12:20:47',NULL),(409,'2','T','2016-11-09 12:20:47',NULL,'2016-11-09 12:20:47',NULL),(410,'+5.30','T','2016-11-09 12:20:47',NULL,'2016-11-09 12:20:47',NULL),(411,'1484','T','2016-11-09 12:20:47',NULL,'2016-11-09 12:20:47',NULL),(412,'46208','T','2016-11-09 12:20:47',NULL,'2016-11-09 12:20:47',NULL),(413,'16314838','T','2016-11-09 12:20:47',NULL,'2016-11-09 12:20:47',NULL),(414,'Commissioner_of_Police,_Delhi','T','2016-11-09 12:20:47',NULL,'2016-11-09 12:20:47',NULL),(415,'North_India','T','2016-11-09 12:20:47',NULL,'2016-11-09 12:20:47',NULL),(416,'Union_territory,Megacity','T','2016-11-09 12:20:47',NULL,'2016-11-09 12:20:47',NULL),(417,'110','T','2016-11-09 12:20:47',NULL,'2016-11-09 12:20:47',NULL),(418,'21753486','T','2016-11-09 12:20:47',NULL,'2016-11-09 12:20:47',NULL),(419,'https://www.youtube.com/embed/MsM0rVGKo3E?rel=0','T','2016-11-09 12:20:47',NULL,'2016-11-09 12:20:47',NULL),(420,'https://upload.wikimedia.org/wikipedia/commons/5/55/IN-DL.svg','T','2016-11-09 12:20:47',NULL,'2016-11-09 12:20:47',NULL),(421,'https://upload.wikimedia.org/wikipedia/commons/e/e2/India_Telangana_location_map.svg','T','2016-11-09 12:20:47',NULL,'2016-11-09 12:20:47',NULL),(422,'35','T','2016-11-09 12:21:38',NULL,'2016-11-09 12:21:38',NULL),(423,'London_(European_Parliament_constituency)','T','2016-11-09 12:21:38',NULL,'2016-11-09 12:21:38',NULL),(424,'London','T','2016-11-09 12:21:38',NULL,'2016-11-09 12:21:38',NULL),(425,'1572','T','2016-11-09 12:21:38',NULL,'2016-11-09 12:21:38',NULL),(426,'8538689','T','2016-11-09 12:21:38',NULL,'2016-11-09 12:21:38',NULL),(427,'European_Parliament','T','2016-11-09 12:21:38',NULL,'2016-11-09 12:21:38',NULL),(428,'United_Kingdom,England,Greater_London','T','2016-11-09 12:21:38',NULL,'2016-11-09 12:21:38',NULL),(429,'GMT','T','2016-11-09 12:21:38',NULL,'2016-11-09 12:21:38',NULL),(430,'https://www.youtube.com/embed/MsM0rVGKo3E?rel=0','T','2016-11-09 12:21:38',NULL,'2016-11-09 12:21:38',NULL),(431,'https://upload.wikimedia.org/wikipedia/commons/5/55/IN-DL.svg','T','2016-11-09 12:21:38',NULL,'2016-11-09 12:21:38',NULL),(432,'https://upload.wikimedia.org/wikipedia/commons/c/cd/London_Montage_L.jpg','T','2016-11-09 12:21:38',NULL,'2016-11-09 12:21:38',NULL),(433,'75001','T','2016-11-09 12:22:20',NULL,'2016-11-09 12:22:20',NULL),(434,'Paris','T','2016-11-09 12:22:20',NULL,'2016-11-09 12:22:20',NULL),(435,'https://www.youtube.com/embed/MsM0rVGKo3E?rel=0','T','2016-11-09 12:22:20',NULL,'2016-11-09 12:22:20',NULL),(436,'https://upload.wikimedia.org/wikipedia/commons/5/55/IN-DL.svg','T','2016-11-09 12:22:20',NULL,'2016-11-09 12:22:20',NULL),(437,'https://upload.wikimedia.org/wikipedia/commons/0/08/Seine_and_Eiffel_Tower_from_Tour_Saint_Jacques_2013-08.JPG','T','2016-11-09 12:22:20',NULL,'2016-11-09 12:22:20',NULL),(438,'https://www.youtube.com/embed/MsM0rVGKo3E?rel=0','T','2016-11-09 12:22:50',NULL,'2016-11-09 12:22:50',NULL),(439,'9223372036854775807','T','2016-11-09 12:23:07',NULL,'2016-11-09 12:23:07',NULL),(440,'https://upload.wikimedia.org/wikipedia/commons/5/55/IN-DL.svg','T','2016-11-09 12:22:50',NULL,'2016-11-09 12:22:50',NULL),(441,'https://upload.wikimedia.org/wikipedia/commons/1/1a/Flag_of_New_York.svg','T','2016-11-09 12:22:50',NULL,'2016-11-09 12:22:50',NULL),(442,'https://www.youtube.com/embed/XnoZ20ogdWY?rel=0','T','2016-11-09 12:23:07',NULL,'2016-11-09 12:23:07',NULL),(443,'https://upload.wikimedia.org/wikipedia/commons/0/01/Flag_of_California.svg','T','2016-11-09 12:23:07',NULL,'2016-11-09 12:23:07',NULL),(444,'https://upload.wikimedia.org/wikipedia/commons/5/55/IN-DL.svg','T','2016-11-09 12:23:07',NULL,'2016-11-09 12:23:07',NULL),(445,'https://www.youtube.com/embed/OIx1ekg4EiI?rel=0','T','2016-11-09 12:23:24',NULL,'2016-11-09 12:23:24',NULL),(446,'https://upload.wikimedia.org/wikipedia/commons/9/9b/Beijing_montage_1.png','T','2016-11-09 12:23:24',NULL,'2016-11-09 12:23:24',NULL),(447,'https://upload.wikimedia.org/wikipedia/commons/5/55/IN-DL.svg','T','2016-11-09 12:23:24',NULL,'2016-11-09 12:23:24',NULL),(448,'431','T','2016-11-09 12:24:11',NULL,'2016-11-09 12:24:11',NULL),(449,'www.jaipur.rajasthan.gov.in','T','2016-11-09 12:24:11',NULL,'2016-11-09 12:24:11',NULL),(450,'Muhammad_Quli_Qutb_Shah','T','2016-11-09 12:24:11',NULL,'2016-11-09 12:24:11',NULL),(451,'Jai_Singh_II','T','2016-11-09 12:24:11',NULL,'2016-11-09 12:24:11',NULL),(452,'+91-141','T','2016-11-09 12:24:11',NULL,'2016-11-09 12:24:11',NULL),(453,'3046163','T','2016-11-09 12:24:11',NULL,'2016-11-09 12:24:11',NULL),(454,'11','T','2016-11-09 12:24:11',NULL,'2016-11-09 12:24:11',NULL),(455,'Mayor,Police_commissioner','T','2016-11-09 12:24:11',NULL,'2016-11-09 12:24:11',NULL),(456,'India,Rajasthan,Jaipur_district','T','2016-11-09 12:24:11',NULL,'2016-11-09 12:24:11',NULL),(457,'3020','T','2016-11-09 12:24:11',NULL,'2016-11-09 12:24:11',NULL),(458,'The Pink City','T','2016-11-09 12:24:11',NULL,'2016-11-09 12:24:11',NULL),(459,'3073350','T','2016-11-09 12:24:11',NULL,'2016-11-09 12:24:11',NULL),(460,'6','T','2016-11-09 12:24:19',NULL,'2016-11-09 12:24:19',NULL),(461,'T.K. Rajendran IPS','T','2016-11-09 12:24:19',NULL,'2016-11-09 12:24:19',NULL),(462,'Chennai','T','2016-11-09 12:24:19',NULL,'2016-11-09 12:24:19',NULL),(463,'426','T','2016-11-09 12:24:19',NULL,'2016-11-09 12:24:19',NULL),(464,'1189','T','2016-11-09 12:24:19',NULL,'2016-11-09 12:24:19',NULL),(465,'7088000','T','2016-11-09 12:24:19',NULL,'2016-11-09 12:24:19',NULL),(466,'India,Tamil_Nadu,Chennai, Kanchipuram and Tiruvallur,Tamil_language','T','2016-11-09 12:24:19',NULL,'2016-11-09 12:24:19',NULL),(467,'Megacity','T','2016-11-09 12:24:19',NULL,'2016-11-09 12:24:19',NULL),(468,'600','T','2016-11-09 12:24:19',NULL,'2016-11-09 12:24:19',NULL),(469,'Greater_Chennai_Corporation','T','2016-11-09 12:24:19',NULL,'2016-11-09 12:24:19',NULL),(470,'City of Life,Gateway to Southern India,Detroit of Asia/ Health capital of india','T','2016-11-09 12:24:19',NULL,'2016-11-09 12:24:19',NULL),(471,'9173521','T','2016-11-09 12:24:19',NULL,'2016-11-09 12:24:19',NULL),(472,'https://www.youtube.com/embed/T0yfCJdDaS8?rel=0','T','2016-11-09 12:24:11',NULL,'2016-11-09 12:24:11',NULL),(473,'https://www.youtube.com/embed/rwCB2ADq77I?rel=0','T','2016-11-09 12:24:19',NULL,'2016-11-09 12:24:19',NULL),(474,'https://upload.wikimedia.org/wikipedia/commons/e/e2/India_Telangana_location_map.svg','T','2016-11-09 12:24:11',NULL,'2016-11-09 12:24:11',NULL),(475,'https://upload.wikimedia.org/wikipedia/commons/3/36/India_Rajasthan_location_map.svg','T','2016-11-09 12:24:11',NULL,'2016-11-09 12:24:11',NULL),(476,'https://upload.wikimedia.org/wikipedia/commons/f/f6/India_Tamil_Nadu_location_map.svg','T','2016-11-09 12:24:19',NULL,'2016-11-09 12:24:19',NULL),(477,'https://upload.wikimedia.org/wikipedia/commons/e/e2/India_Telangana_location_map.svg','T','2016-11-09 12:24:19',NULL,'2016-11-09 12:24:19',NULL),(482,'Sydney','T','2016-11-09 12:26:52',NULL,'2016-11-09 12:26:52',NULL),(483,'https://www.youtube.com/embed/MsM0rVGKo3E?rel=0','T','2016-11-09 12:26:52',NULL,'2016-11-09 12:26:52',NULL),(484,'https://upload.wikimedia.org/wikipedia/commons/5/55/IN-DL.svg','T','2016-11-09 12:26:52',NULL,'2016-11-09 12:26:52',NULL),(485,'https://upload.wikimedia.org/wikipedia/commons/a/a1/Leo-Collage_Sydney.png','T','2016-11-09 12:26:52',NULL,'2016-11-09 12:26:52',NULL),(486,'Islamic Republic of Pakistan','T','2016-11-11 15:02:36',NULL,'2016-11-11 15:02:36',NULL),(487,'Sardar_Ayaz_Sadiq','T','2016-11-11 15:02:36',NULL,'2016-11-11 15:02:36',NULL),(488,'199085847','T','2016-11-11 15:02:36',NULL,'2016-11-11 15:02:36',NULL),(489,'1930-12-29,1933-01-28','T','2016-11-11 15:02:36',NULL,'2016-11-11 15:02:36',NULL),(490,'3.1','T','2016-11-11 15:02:36',NULL,'2016-11-11 15:02:36',NULL),(491,'Pakistan','T','2016-11-11 15:02:36',NULL,'2016-11-11 15:02:36',NULL),(492,'Pakistan_Standard_Time','T','2016-11-11 15:02:36',NULL,'2016-11-11 15:02:36',NULL),(493,'Pakistanis','T','2016-11-11 15:02:36',NULL,'2016-11-11 15:02:36',NULL),(494,'881913','T','2016-11-11 15:02:36',NULL,'2016-11-11 15:02:36',NULL),(495,'Pakistani_rupee','T','2016-11-11 15:02:36',NULL,'2016-11-11 15:02:36',NULL),(496,'340509','T','2016-11-11 15:02:36',NULL,'2016-11-11 15:02:36',NULL),(497,'Islamabad','T','2016-11-11 15:02:36',NULL,'2016-11-11 15:02:36',NULL),(498,'Speaker_of_the_National_Assembly_of_Pakistan','T','2016-11-11 15:02:36',NULL,'2016-11-11 15:02:36',NULL),(499,'Federal_republic,Representative_democracy,Parliamentary_republic','T','2016-11-11 15:02:36',NULL,'2016-11-11 15:02:36',NULL),(500,'Flag of Pakistan.svg','T','2016-11-11 15:02:36',NULL,'2016-11-11 15:02:36',NULL),(501,'Urdu,English_language','T','2016-11-11 15:02:36',NULL,'2016-11-11 15:02:36',NULL),(502,'Karachi','T','2016-11-11 15:02:36',NULL,'2016-11-11 15:02:36',NULL),(503,'https://www.youtube.com/embed/SsQHAGluOO4?rel=0','T','2016-11-11 15:02:36',NULL,'2016-11-11 15:02:36',NULL),(504,'https://upload.wikimedia.org/wikipedia/en/4/41/Flag_of_India.svg','T','2016-11-11 15:02:36',NULL,'2016-11-11 15:02:36',NULL),(505,'https://upload.wikimedia.org/wikipedia/commons/d/de/PAK_AU_T1.svg','T','2016-11-11 15:02:36',NULL,'2016-11-11 15:02:36',NULL),(506,'https://www.youtube.com/embed/CVhc9WuEt90?rel=0','T','2016-11-11 15:05:46',NULL,'2016-11-11 15:05:46',NULL),(507,'DOM','T','2016-11-11 15:08:22',NULL,'2016-11-11 15:08:22',NULL),(508,'Domestic cat','T','2016-11-11 15:08:22',NULL,'2016-11-11 15:08:22',NULL),(509,'Domestic dog','T','2016-11-11 15:08:22',NULL,'2016-11-11 15:08:22',NULL),(510,'Canidae','T','2016-11-11 15:08:22',NULL,'2016-11-11 15:08:22',NULL),(511,'Felis','T','2016-11-11 15:08:22',NULL,'2016-11-11 15:08:22',NULL),(512,'Canis','T','2016-11-11 15:08:22',NULL,'2016-11-11 15:08:22',NULL),(513,'https://upload.wikimedia.org/wikipedia/commons/0/0c/Pasta_Venice.jpg','T','2016-11-11 15:08:55',NULL,'2016-11-11 15:08:55',NULL),(514,'https://upload.wikimedia.org/wikipedia/commons/d/d1/Pepperoni_pizza.jpg','T','2016-11-11 15:08:55',NULL,'2016-11-11 15:08:55',NULL),(519,'https://www.youtube.com/embed/O-szy-1ybyw?rel=0','T','2016-11-11 15:14:24',NULL,'2016-11-11 15:14:24',NULL),(520,'https://www.youtube.com/embed/O-szy-1ybyw?rel=0','T','2016-11-11 15:14:24',NULL,'2016-11-11 15:14:24',NULL),(521,'https://upload.wikimedia.org/wikipedia/commons/d/d2/Tanjore-style_Carnatic_tambura.JPG','T','2016-11-11 15:14:24',NULL,'2016-11-11 15:14:24',NULL),(522,'https://upload.wikimedia.org/wikipedia/commons/1/13/A_Lady_Playing_the_Tanpura%2C_ca._1735.jpg','T','2016-11-11 15:14:24',NULL,'2016-11-11 15:14:24',NULL),(523,'https://upload.wikimedia.org/wikipedia/commons/d/d2/Tanjore-style_Carnatic_tambura.JPG','T','2016-11-11 15:15:20',NULL,'2016-11-11 15:15:20',NULL),(524,'https://upload.wikimedia.org/wikipedia/commons/1/13/A_Lady_Playing_the_Tanpura%2C_ca._1735.jpg','T','2016-11-11 15:15:20',NULL,'2016-11-11 15:15:20',NULL),(525,'https://www.youtube.com/embed/BnHEqstvct4?rel=0','T','2016-11-11 15:15:52',NULL,'2016-11-11 15:15:52',NULL),(526,'https://www.youtube.com/embed/BnHEqstvct4?rel=0','T','2016-11-11 15:15:52',NULL,'2016-11-11 15:15:52',NULL),(527,'North and North Western India','T','2016-11-11 15:16:37',NULL,'2016-11-11 15:16:37',NULL),(528,'Pakistan and India','T','2016-11-11 15:16:37',NULL,'2016-11-11 15:16:37',NULL),(529,'Central_Hindi_Directorate','T','2016-11-11 15:16:37',NULL,'2016-11-11 15:16:37',NULL),(530,'National_Language_Authority,National Council for Promotion of Urdu Language','T','2016-11-11 15:16:37',NULL,'2016-11-11 15:16:37',NULL),(531,'hi,hin','T','2016-11-11 15:16:37',NULL,'2016-11-11 15:16:37',NULL),(532,'ur,urd','T','2016-11-11 15:16:37',NULL,'2016-11-11 15:16:37',NULL),(533,'Hindi','T','2016-11-11 15:16:37',NULL,'2016-11-11 15:16:37',NULL),(534,'Urdu','T','2016-11-11 15:16:37',NULL,'2016-11-11 15:16:37',NULL),(535,'Indo-Iranian_languages,Indo-Aryan_languages,Hindi_languages,Hindi_languages','T','2016-11-11 15:16:37',NULL,'2016-11-11 15:16:37',NULL),(536,'https://www.youtube.com/embed/PVgMLy2GtKE?rel=0','T','2016-11-11 15:16:37',NULL,'2016-11-11 15:16:37',NULL),(537,'https://www.youtube.com/embed/PVgMLy2GtKE?rel=0','T','2016-11-11 15:16:37',NULL,'2016-11-11 15:16:37',NULL),(538,'https://upload.wikimedia.org/wikipedia/commons/b/b7/Hindi_devnagari.png','T','2016-11-11 15:16:37',NULL,'2016-11-11 15:16:37',NULL),(539,'https://upload.wikimedia.org/wikipedia/commons/0/01/Urdu_example.svg','T','2016-11-11 15:16:37',NULL,'2016-11-11 15:16:37',NULL),(540,'https://www.youtube.com/embed/GuZFpc0diJ4?rel=0','T','2016-11-11 15:20:22',NULL,'2016-11-11 15:20:22',NULL),(541,'Ada_(programming_language),BeanShell,C_Sharp_(programming_language),Chapel_(programming_language),Clojure,ECMAScript,Fantom_(programming_language),Groovy_(programming_language),Hack_(programming_language),Haxe,J_Sharp,JavaScript,Kotlin_(programming_language),PHP,Python_(programming_language),Scala_(programming_language),Seed7,Vala_(programming_language)','T','2016-11-11 15:21:24',NULL,'2016-11-11 15:21:24',NULL),(542,'James_Gosling','T','2016-11-11 15:21:24',NULL,'2016-11-11 15:21:24',NULL),(543,'Ada_(programming_language),C++,C_Sharp_(programming_language),Eiffel_(programming_language),Generic_Java,Mesa_(programming_language),Modula-3,Oberon_(programming_language),Objective-C,UCSD_Pascal,Object_Pascal','T','2016-11-11 15:21:24',NULL,'2016-11-11 15:21:24',NULL),(544,'https://www.youtube.com/embed/GuZFpc0diJ4?rel=0','T','2016-11-11 15:21:24',NULL,'2016-11-11 15:21:24',NULL),(545,'https://upload.wikimedia.org/wikipedia/commons/f/ff/C_cursiva.gif','T','2016-11-11 15:21:24',NULL,'2016-11-11 15:21:24',NULL),(546,'https://upload.wikimedia.org/wikipedia/commons/1/14/James_Gosling_2008.jpg','T','2016-11-11 15:21:24',NULL,'2016-11-11 15:21:24',NULL),(547,'https://www.youtube.com/embed/3wg-p9aH82I?rel=0','T','2016-11-11 15:23:07',NULL,'2016-11-11 15:23:07',NULL),(548,'Boo, Cobra, Coffeescript, D, F#, Falcon, Genie, Go, Groovy, JavaScript, Julia, Nim, Ruby, Swift, Vala','T','2016-11-11 15:23:26',NULL,'2016-11-11 15:23:26',NULL),(549,'Coffeescript, Clojure, Crystal, D, Elixir, Falcon, Groovy, Ioke, Julia, Mirah, Nu, potion, Reia, Rust, Swift','T','2016-11-11 15:23:26',NULL,'2016-11-11 15:23:26',NULL),(550,'Guido_van_Rossum','T','2016-11-11 15:23:26',NULL,'2016-11-11 15:23:26',NULL),(551,'Yukihiro_Matsumoto','T','2016-11-11 15:23:26',NULL,'2016-11-11 15:23:26',NULL),(552,'Python','T','2016-11-11 15:23:26',NULL,'2016-11-11 15:23:26',NULL),(553,'Python_Software_Foundation_License','T','2016-11-11 15:23:26',NULL,'2016-11-11 15:23:26',NULL),(554,'Ruby, GPLv2 or 2-clause BSD license','T','2016-11-11 15:23:26',NULL,'2016-11-11 15:23:26',NULL),(555,'3.5,2015-12-07,2.7,2015-12-05','T','2016-11-11 15:23:26',NULL,'2016-11-11 15:23:26',NULL),(556,'2.3','T','2016-11-11 15:23:26',NULL,'2016-11-11 15:23:26',NULL),(557,'ABC_(programming_language),ALGOL_68,C_(programming_language),C++,Dylan_(programming_language),Haskell_(programming_language),Icon_(programming_language),Java_(programming_language),Lisp_(programming_language),Modula-3,Perl','T','2016-11-11 15:23:26',NULL,'2016-11-11 15:23:26',NULL),(558,'Ada_(programming_language),C++,CLU_(programming_language),Dylan_(programming_language),Eiffel_(programming_language),Lua_(programming_language),Lisp_(programming_language),Perl,Python_(programming_language),Smalltalk','T','2016-11-11 15:23:26',NULL,'2016-11-11 15:23:26',NULL),(559,'Python_Software_Foundation','T','2016-11-11 15:23:26',NULL,'2016-11-11 15:23:26',NULL),(560,'Yukihiro Matsumoto, et al.','T','2016-11-11 15:23:26',NULL,'2016-11-11 15:23:26',NULL),(561,'https://www.youtube.com/embed/vFOZfpq7zPg?rel=0','T','2016-11-11 15:23:26',NULL,'2016-11-11 15:23:26',NULL),(562,'https://www.youtube.com/embed/vFOZfpq7zPg?rel=0','T','2016-11-11 15:23:26',NULL,'2016-11-11 15:23:26',NULL),(563,'https://upload.wikimedia.org/wikipedia/commons/6/66/Guido_van_Rossum_OSCON_2006.jpg','T','2016-11-11 15:23:26',NULL,'2016-11-11 15:23:26',NULL),(564,'https://upload.wikimedia.org/wikipedia/commons/7/76/Yukihiro_Matsumoto.JPG','T','2016-11-11 15:23:26',NULL,'2016-11-11 15:23:26',NULL),(565,'दिल्ली,ਦਿੱਲੀ','T','2016-11-11 15:25:44',NULL,'2016-11-11 15:25:44',NULL),(566,'मुंबई','T','2016-11-11 15:25:44',NULL,'2016-11-11 15:25:44',NULL),(567,'https://upload.wikimedia.org/wikipedia/commons/5/55/IN-DL.svg','T','2016-11-11 15:25:44',NULL,'2016-11-11 15:25:44',NULL),(568,'https://upload.wikimedia.org/wikipedia/commons/1/14/India_Maharashtra_location_map.svg','T','2016-11-11 15:25:44',NULL,'2016-11-11 15:25:44',NULL),(569,'https://upload.wikimedia.org/wikipedia/commons/f/ff/C_cursiva.gif','T','2016-11-11 15:26:47',NULL,'2016-11-11 15:26:47',NULL),(570,'https://upload.wikimedia.org/wikipedia/commons/1/14/James_Gosling_2008.jpg','T','2016-11-11 15:26:47',NULL,'2016-11-11 15:26:47',NULL),(571,'8611','T','2016-11-11 15:30:39',NULL,'2016-11-11 15:30:39',NULL),(572,'8586','T','2016-11-11 15:30:39',NULL,'2016-11-11 15:30:39',NULL),(573,'Karakoram','T','2016-11-11 15:30:39',NULL,'2016-11-11 15:30:39',NULL),(574,'Himalayas','T','2016-11-11 15:30:39',NULL,'2016-11-11 15:30:39',NULL),(575,'1954-07-31,Achille_Compagnoni,Lino_Lacedelli','T','2016-11-11 15:30:39',NULL,'2016-11-11 15:30:39',NULL),(576,'--05-25,Joe Brown and George Band','T','2016-11-11 15:30:39',NULL,'2016-11-11 15:30:39',NULL),(577,'4017','T','2016-11-11 15:30:39',NULL,'2016-11-11 15:30:39',NULL),(578,'3922','T','2016-11-11 15:30:39',NULL,'2016-11-11 15:30:39',NULL),(579,'K2','T','2016-11-11 15:30:39',NULL,'2016-11-11 15:30:39',NULL),(580,'Kangchenjunga','T','2016-11-11 15:30:39',NULL,'2016-11-11 15:30:39',NULL),(581,'https://www.youtube.com/embed/d7bzqFcTDH0?rel=0','T','2016-11-11 15:30:39',NULL,'2016-11-11 15:30:39',NULL),(582,'https://www.youtube.com/embed/d7bzqFcTDH0?rel=0','T','2016-11-11 15:30:39',NULL,'2016-11-11 15:30:39',NULL),(583,'https://upload.wikimedia.org/wikipedia/commons/1/12/K2_2006b.jpg','T','2016-11-11 15:30:39',NULL,'2016-11-11 15:30:39',NULL),(584,'https://upload.wikimedia.org/wikipedia/commons/1/19/Kanchenjunga_from_Tiger_Hills.JPG','T','2016-11-11 15:30:39',NULL,'2016-11-11 15:30:39',NULL),(585,'Indore, Madhya Pradesh, India','T','2016-11-11 15:36:36',NULL,'2016-11-11 15:36:36',NULL),(586,'New, Delhi','T','2016-11-11 15:36:36',NULL,'2016-11-11 15:36:36',NULL),(587,'Salman Khan','T','2016-11-11 15:36:36',NULL,'2016-11-11 15:36:36',NULL),(588,'Shah Rukh Khan','T','2016-11-11 15:36:36',NULL,'2016-11-11 15:36:36',NULL),(589,'Bandra, Mumbai, Maharashtra, India','T','2016-11-11 15:36:36',NULL,'2016-11-11 15:36:36',NULL),(590,'Mumbai, Maharashtra, India','T','2016-11-11 15:36:36',NULL,'2016-11-11 15:36:36',NULL),(591,'1965-12-27','T','2016-11-11 15:36:36',NULL,'2016-11-11 15:36:36',NULL),(592,'1965-11-02','T','2016-11-11 15:36:36',NULL,'2016-11-11 15:36:36',NULL),(593,'Abdul Rashid Salim Salman Khan','T','2016-11-11 15:36:36',NULL,'2016-11-11 15:36:36',NULL),(594,'Shahrukh Khan','T','2016-11-11 15:36:36',NULL,'2016-11-11 15:36:36',NULL),(595,'Actor,Film_producer,Celebrity,Model_(people),Philanthropy,Singing','T','2016-11-11 15:36:36',NULL,'2016-11-11 15:36:36',NULL),(596,'Actor,Film_producer,Television_presenter','T','2016-11-11 15:36:36',NULL,'2016-11-11 15:36:36',NULL),(597,'https://www.youtube.com/embed/tfwukMDQnKg?rel=0','T','2016-11-11 15:36:36',NULL,'2016-11-11 15:36:36',NULL),(598,'https://www.youtube.com/embed/V6fByEqKSoM?rel=0','T','2016-11-11 15:36:36',NULL,'2016-11-11 15:36:36',NULL),(599,'--11-02','T','2016-11-11 15:40:42',NULL,'2016-11-11 15:40:42',NULL),(600,'https://upload.wikimedia.org/wikipedia/en/4/41/Flag_of_India.svg','T','2016-11-11 15:42:12',NULL,'2016-11-11 15:42:12',NULL),(601,'https://upload.wikimedia.org/wikipedia/commons/d/de/PAK_AU_T1.svg','T','2016-11-11 15:42:12',NULL,'2016-11-11 15:42:12',NULL),(602,'New Delhi','T','2016-11-11 16:00:57',NULL,'2016-11-11 16:00:57',NULL),(603,'Mumbai,Maharashtra,India','T','2016-11-11 16:02:16',NULL,'2016-11-11 16:02:16',NULL),(604,'Aamir Khan','T','2016-11-11 16:02:16',NULL,'2016-11-11 16:02:16',NULL),(605,'1965-03-14','T','2016-11-11 16:02:16',NULL,'2016-11-11 16:02:16',NULL),(606,'Mohammed Aamir Hussain Khan','T','2016-11-11 16:02:16',NULL,'2016-11-11 16:02:16',NULL),(607,'1984','T','2016-11-11 16:02:16',NULL,'2016-11-11 16:02:16',NULL),(608,'1988','T','2016-11-11 16:02:16',NULL,'2016-11-11 16:02:16',NULL),(609,'Indian','T','2016-11-11 16:02:16',NULL,'2016-11-11 16:02:16',NULL),(610,'Reena Dutta,1986,2002,divorced,Kiran_Rao,2005','T','2016-11-11 16:02:16',NULL,'2016-11-11 16:02:16',NULL),(611,'Gauri_Khan,1991','T','2016-11-11 16:02:16',NULL,'2016-11-11 16:02:16',NULL),(612,'https://www.youtube.com/embed/7cq8RXwUFvI?rel=0','T','2016-11-11 16:02:16',NULL,'2016-11-11 16:02:16',NULL),(613,'https://upload.wikimedia.org/wikipedia/commons/4/4a/Aamir_Khan_March_2015.jpg','T','2016-11-11 16:02:16',NULL,'2016-11-11 16:02:16',NULL),(614,'https://upload.wikimedia.org/wikipedia/commons/8/86/SRK_at_61st_filmfare.jpg','T','2016-11-11 16:02:16',NULL,'2016-11-11 16:02:16',NULL),(615,'https://upload.wikimedia.org/wikipedia/commons/4/4a/Aamir_Khan_March_2015.jpg','T','2016-11-11 16:06:38',NULL,'2016-11-11 16:06:38',NULL),(616,'https://upload.wikimedia.org/wikipedia/commons/8/86/SRK_at_61st_filmfare.jpg','T','2016-11-11 16:06:38',NULL,'2016-11-11 16:06:38',NULL),(617,'https://upload.wikimedia.org/wikipedia/commons/4/4a/Aamir_Khan_March_2015.jpg','T','2016-11-11 16:08:07',NULL,'2016-11-11 16:08:07',NULL),(618,'https://upload.wikimedia.org/wikipedia/commons/8/86/SRK_at_61st_filmfare.jpg','T','2016-11-11 16:08:07',NULL,'2016-11-11 16:08:07',NULL),(619,'https://upload.wikimedia.org/wikipedia/commons/4/4a/Aamir_Khan_March_2015.jpg','T','2016-11-11 16:10:44',NULL,'2016-11-11 16:10:44',NULL),(620,'https://upload.wikimedia.org/wikipedia/commons/8/86/SRK_at_61st_filmfare.jpg','T','2016-11-11 16:10:44',NULL,'2016-11-11 16:10:44',NULL),(621,'Menlo_Park,_California','T','2016-11-11 16:11:47',NULL,'2016-11-11 16:11:47',NULL),(622,'Endicott,_New_York,New_York,United_States','T','2016-11-11 16:11:47',NULL,'2016-11-11 16:11:47',NULL),(623,'Google Inc.','T','2016-11-11 16:11:47',NULL,'2016-11-11 16:11:47',NULL),(624,'International Business Machines Corporation','T','2016-11-11 16:11:47',NULL,'2016-11-11 16:11:47',NULL),(625,'*,Internet,Software','T','2016-11-11 16:11:47',NULL,'2016-11-11 16:11:47',NULL),(626,'Information_technology_consulting,IT_service_management,Software,Computer_hardware','T','2016-11-11 16:11:47',NULL,'2016-11-11 16:11:47',NULL),(627,'List_of_Google_products','T','2016-11-11 16:11:47',NULL,'2016-11-11 16:11:47',NULL),(628,'List_of_IBM_products','T','2016-11-11 16:11:47',NULL,'2016-11-11 16:11:47',NULL),(629,'Sundar Pichai','T','2016-11-11 16:11:47',NULL,'2016-11-11 16:11:47',NULL),(630,'Ginni_Rometty','T','2016-11-11 16:11:47',NULL,'2016-11-11 16:11:47',NULL),(631,'Googleplex,Mountain_View,_California,California','T','2016-11-11 16:11:47',NULL,'2016-11-11 16:11:47',NULL),(632,'Armonk,_New_York,New_York','T','2016-11-11 16:11:47',NULL,'2016-11-11 16:11:47',NULL),(633,'Subsidiary','T','2016-11-11 16:11:47',NULL,'2016-11-11 16:11:47',NULL),(634,'Public_company','T','2016-11-11 16:11:47',NULL,'2016-11-11 16:11:47',NULL),(635,'Internet','T','2016-11-11 16:13:11',NULL,'2016-11-11 16:13:11',NULL),(636,'Instagram,WhatsApp,Oculus_VR,PrivateCore','T','2016-11-11 16:13:11',NULL,'2016-11-11 16:13:11',NULL),(637,'List_of_mergers_and_acquisitions_by_Google','T','2016-11-11 16:13:11',NULL,'2016-11-11 16:13:11',NULL),(638,'Facebook, Inc.','T','2016-11-11 16:13:11',NULL,'2016-11-11 16:13:11',NULL),(639,'Mark Zuckerberg,Sheryl_Sandberg','T','2016-11-11 16:13:11',NULL,'2016-11-11 16:13:11',NULL),(640,'https://www.youtube.com/embed/eL1g6yFX43Q?rel=0','T','2016-11-11 16:14:33',NULL,'2016-11-11 16:14:33',NULL),(641,'https://www.youtube.com/embed/eL1g6yFX43Q?rel=0','T','2016-11-11 16:14:33',NULL,'2016-11-11 16:14:33',NULL),(642,'https://upload.wikimedia.org/wikipedia/commons/f/ff/C_cursiva.gif','T','2016-11-11 16:15:58',NULL,'2016-11-11 16:15:58',NULL),(643,'https://upload.wikimedia.org/wikipedia/commons/1/14/James_Gosling_2008.jpg','T','2016-11-11 16:15:58',NULL,'2016-11-11 16:15:58',NULL),(644,'https://upload.wikimedia.org/wikipedia/commons/4/4a/Aamir_Khan_March_2015.jpg','T','2016-11-11 16:16:19',NULL,'2016-11-11 16:16:19',NULL),(645,'https://upload.wikimedia.org/wikipedia/commons/8/86/SRK_at_61st_filmfare.jpg','T','2016-11-11 16:16:19',NULL,'2016-11-11 16:16:19',NULL),(646,'https://upload.wikimedia.org/wikipedia/commons/4/4a/Aamir_Khan_March_2015.jpg','T','2016-11-11 16:16:53',NULL,'2016-11-11 16:16:53',NULL),(647,'https://upload.wikimedia.org/wikipedia/commons/8/86/SRK_at_61st_filmfare.jpg','T','2016-11-11 16:16:53',NULL,'2016-11-11 16:16:53',NULL),(648,'https://upload.wikimedia.org/wikipedia/commons/4/4a/Aamir_Khan_March_2015.jpg','T','2016-11-11 16:17:16',NULL,'2016-11-11 16:17:16',NULL),(649,'https://upload.wikimedia.org/wikipedia/commons/8/86/SRK_at_61st_filmfare.jpg','T','2016-11-11 16:17:16',NULL,'2016-11-11 16:17:16',NULL),(650,'https://upload.wikimedia.org/wikipedia/commons/4/4a/Aamir_Khan_March_2015.jpg','T','2016-11-11 17:16:23',NULL,'2016-11-11 17:16:23',NULL),(651,'https://upload.wikimedia.org/wikipedia/commons/8/86/SRK_at_61st_filmfare.jpg','T','2016-11-11 17:16:23',NULL,'2016-11-11 17:16:23',NULL),(652,'https://upload.wikimedia.org/wikipedia/commons/f/ff/C_cursiva.gif','T','2016-11-11 17:17:25',NULL,'2016-11-11 17:17:25',NULL),(653,'https://upload.wikimedia.org/wikipedia/commons/7/76/Yukihiro_Matsumoto.JPG','T','2016-11-11 17:17:25',NULL,'2016-11-11 17:17:25',NULL),(654,'https://upload.wikimedia.org/wikipedia/commons/f/ff/C_cursiva.gif','T','2016-11-11 17:18:28',NULL,'2016-11-11 17:18:28',NULL),(655,'https://upload.wikimedia.org/wikipedia/commons/7/76/Yukihiro_Matsumoto.JPG','T','2016-11-11 17:18:28',NULL,'2016-11-11 17:18:28',NULL),(656,'https://upload.wikimedia.org/wikipedia/commons/4/4a/Aamir_Khan_March_2015.jpg','T','2016-11-11 17:38:33',NULL,'2016-11-11 17:38:33',NULL),(657,'https://upload.wikimedia.org/wikipedia/commons/8/86/SRK_at_61st_filmfare.jpg','T','2016-11-11 17:38:33',NULL,'2016-11-11 17:38:33',NULL),(658,'https://upload.wikimedia.org/wikipedia/commons/4/4a/Aamir_Khan_March_2015.jpg','T','2016-11-11 17:39:45',NULL,'2016-11-11 17:39:45',NULL),(659,'https://upload.wikimedia.org/wikipedia/commons/8/86/SRK_at_61st_filmfare.jpg','T','2016-11-11 17:39:45',NULL,'2016-11-11 17:39:45',NULL),(660,'Smartphone','T','2016-11-11 17:41:30',NULL,'2016-11-11 17:41:30',NULL),(661,'Public','T','2016-11-11 17:41:30',NULL,'2016-11-11 17:41:30',NULL),(662,'iPhone','T','2016-11-11 17:41:30',NULL,'2016-11-11 17:41:30',NULL),(663,'Samsung,삼성,三星','T','2016-11-11 17:41:30',NULL,'2016-11-11 17:41:30',NULL),(664,'https://www.youtube.com/embed/JfVDLjiTHLw?rel=0','T','2016-11-11 17:41:30',NULL,'2016-11-11 17:41:30',NULL),(665,'https://www.youtube.com/embed/JfVDLjiTHLw?rel=0','T','2016-11-11 17:41:30',NULL,'2016-11-11 17:41:30',NULL),(666,'https://upload.wikimedia.org/wikipedia/commons/1/18/IPhone_7_Jet_Black.svg','T','2016-11-11 17:41:30',NULL,'2016-11-11 17:41:30',NULL),(667,'https://upload.wikimedia.org/wikipedia/commons/e/e2/Samsung_headquarters.jpg','T','2016-11-11 17:41:30',NULL,'2016-11-11 17:41:30',NULL),(668,'https://upload.wikimedia.org/wikipedia/commons/f/ff/C_cursiva.gif','T','2016-11-11 17:42:10',NULL,'2016-11-11 17:42:10',NULL),(669,'https://upload.wikimedia.org/wikipedia/commons/7/76/Yukihiro_Matsumoto.JPG','T','2016-11-11 17:42:10',NULL,'2016-11-11 17:42:10',NULL),(670,'https://upload.wikimedia.org/wikipedia/commons/b/b7/Hindi_devnagari.png','T','2016-11-11 17:42:48',NULL,'2016-11-11 17:42:48',NULL),(671,'https://upload.wikimedia.org/wikipedia/commons/0/01/Urdu_example.svg','T','2016-11-11 17:42:48',NULL,'2016-11-11 17:42:48',NULL),(672,'https://upload.wikimedia.org/wikipedia/commons/b/b7/Hindi_devnagari.png','T','2016-11-11 17:43:02',NULL,'2016-11-11 17:43:02',NULL),(673,'https://upload.wikimedia.org/wikipedia/commons/0/01/Urdu_example.svg','T','2016-11-11 17:43:02',NULL,'2016-11-11 17:43:02',NULL),(674,'Federal Democratic Republic of Nepal','T','2016-11-11 17:44:51',NULL,'2016-11-11 17:44:51',NULL),(675,'Bidhya_Devi_Bhandari','T','2016-11-11 17:44:51',NULL,'2016-11-11 17:44:51',NULL),(676,'1768-09-25,2007-01-15','T','2016-11-11 17:44:51',NULL,'2016-11-11 17:44:51',NULL),(677,'Demographics_of_Nepal,Demographics_of_Nepal','T','2016-11-11 17:44:51',NULL,'2016-11-11 17:44:51',NULL),(678,'Nepal_Standard_Time','T','2016-11-11 17:44:51',NULL,'2016-11-11 17:44:51',NULL),(679,'Nepal','T','2016-11-11 17:44:51',NULL,'2016-11-11 17:44:51',NULL),(680,'147181','T','2016-11-11 17:44:51',NULL,'2016-11-11 17:44:51',NULL),(681,'Nepalese_rupee','T','2016-11-11 17:44:51',NULL,'2016-11-11 17:44:51',NULL),(682,'Sayaun Thunga Phulka,File:Nepal anthem.ogg','T','2016-11-11 17:44:51',NULL,'2016-11-11 17:44:51',NULL),(683,'56827','T','2016-11-11 17:44:51',NULL,'2016-11-11 17:44:51',NULL),(684,'Kathmandu','T','2016-11-11 17:44:51',NULL,'2016-11-11 17:44:51',NULL),(685,'List_of_Prime_Ministers_of_Nepal','T','2016-11-11 17:44:51',NULL,'2016-11-11 17:44:51',NULL),(686,'Sanghiya Loktāntrik Ganatantra Nepāl','T','2016-11-11 17:44:51',NULL,'2016-11-11 17:44:51',NULL),(687,'Federal_republic,Parliamentary_system,Republic','T','2016-11-11 17:44:51',NULL,'2016-11-11 17:44:51',NULL),(688,'Flag of Nepal.svg','T','2016-11-11 17:44:51',NULL,'2016-11-11 17:44:51',NULL),(689,'Nepali_language','T','2016-11-11 17:44:51',NULL,'2016-11-11 17:44:51',NULL),(690,'https://www.youtube.com/embed/SsQHAGluOO4?rel=0','T','2016-11-11 17:44:51',NULL,'2016-11-11 17:44:51',NULL),(691,'https://upload.wikimedia.org/wikipedia/en/4/41/Flag_of_India.svg','T','2016-11-11 17:44:51',NULL,'2016-11-11 17:44:51',NULL),(692,'https://upload.wikimedia.org/wikipedia/commons/9/9b/Flag_of_Nepal.svg','T','2016-11-11 17:44:51',NULL,'2016-11-11 17:44:51',NULL);
/*!40000 ALTER TABLE `description` ENABLE KEYS */;
UNLOCK TABLES;

--
-- Table structure for table `listings`
--

DROP TABLE IF EXISTS `listings`;
/*!40101 SET @saved_cs_client     = @@character_set_client */;
/*!40101 SET character_set_client = utf8 */;
CREATE TABLE `listings` (
  `id` int(11) NOT NULL AUTO_INCREMENT,
  `thing` int(11) DEFAULT NULL,
  `point` int(11) DEFAULT NULL,
  `description` int(11) DEFAULT NULL,
  `is_active` char(1) DEFAULT NULL,
  `created_on` datetime DEFAULT NULL,
  `created_by` int(11) DEFAULT NULL,
  `modified_on` datetime DEFAULT NULL,
  `modified_by` int(11) DEFAULT NULL,
  PRIMARY KEY (`id`),
  KEY `thing__idx` (`thing`),
  KEY `point__idx` (`point`),
  KEY `description__idx` (`description`),
  KEY `created_by__idx` (`created_by`),
  KEY `modified_by__idx` (`modified_by`),
  CONSTRAINT `listings_ibfk_1` FOREIGN KEY (`thing`) REFERENCES `thing` (`id`) ON DELETE CASCADE,
  CONSTRAINT `listings_ibfk_2` FOREIGN KEY (`point`) REFERENCES `point` (`id`) ON DELETE CASCADE,
  CONSTRAINT `listings_ibfk_3` FOREIGN KEY (`description`) REFERENCES `description` (`id`) ON DELETE CASCADE,
  CONSTRAINT `listings_ibfk_4` FOREIGN KEY (`created_by`) REFERENCES `auth_user` (`id`) ON DELETE CASCADE,
  CONSTRAINT `listings_ibfk_5` FOREIGN KEY (`modified_by`) REFERENCES `auth_user` (`id`) ON DELETE CASCADE
) ENGINE=InnoDB AUTO_INCREMENT=579 DEFAULT CHARSET=utf8;
/*!40101 SET character_set_client = @saved_cs_client */;

--
-- Dumping data for table `listings`
--

LOCK TABLES `listings` WRITE;
/*!40000 ALTER TABLE `listings` DISABLE KEYS */;
INSERT INTO `listings` VALUES (1,3,1,1,'T','2016-10-14 01:12:17',NULL,'2016-10-14 01:12:17',NULL),(2,3,2,4,'T','2016-10-14 01:12:26',NULL,'2016-10-14 01:12:26',NULL),(3,4,1,2,'T','2016-10-14 01:12:35',NULL,'2016-10-14 01:12:35',NULL),(4,4,2,3,'T','2016-10-14 01:12:43',NULL,'2016-10-14 01:12:43',NULL),(5,10,5,7,'T','2016-11-07 01:29:39',NULL,'2016-11-07 01:29:39',NULL),(6,10,6,8,'T','2016-11-07 01:29:39',NULL,'2016-11-07 01:29:39',NULL),(7,10,7,9,'T','2016-11-07 01:29:39',NULL,'2016-11-07 01:29:39',NULL),(8,10,8,10,'T','2016-11-07 01:29:39',NULL,'2016-11-07 01:29:39',NULL),(9,10,9,11,'T','2016-11-07 01:29:39',NULL,'2016-11-07 01:29:39',NULL),(10,10,10,12,'T','2016-11-07 01:29:39',NULL,'2016-11-07 01:29:39',NULL),(11,10,11,13,'T','2016-11-07 01:29:39',NULL,'2016-11-07 01:29:39',NULL),(12,10,12,14,'T','2016-11-07 01:29:39',NULL,'2016-11-07 01:29:39',NULL),(13,10,13,15,'T','2016-11-07 01:29:39',NULL,'2016-11-07 01:29:39',NULL),(14,10,14,16,'T','2016-11-07 01:29:39',NULL,'2016-11-07 01:29:39',NULL),(15,10,15,17,'T','2016-11-07 01:29:39',NULL,'2016-11-07 01:29:39',NULL),(16,10,16,18,'T','2016-11-07 01:29:39',NULL,'2016-11-07 01:29:39',NULL),(17,10,17,19,'T','2016-11-07 01:29:39',NULL,'2016-11-07 01:29:39',NULL),(18,10,18,20,'T','2016-11-07 01:29:39',NULL,'2016-11-07 01:29:39',NULL),(19,10,19,21,'T','2016-11-07 01:29:39',NULL,'2016-11-07 01:29:39',NULL),(20,10,20,22,'T','2016-11-07 01:29:39',NULL,'2016-11-07 01:29:39',NULL),(21,11,5,25,'T','2016-11-07 01:38:28',NULL,'2016-11-07 01:38:28',NULL),(22,11,6,26,'T','2016-11-07 01:38:28',NULL,'2016-11-07 01:38:28',NULL),(23,11,7,27,'T','2016-11-07 01:38:28',NULL,'2016-11-07 01:38:28',NULL),(24,11,8,28,'T','2016-11-07 01:38:28',NULL,'2016-11-07 01:38:28',NULL),(25,11,9,29,'T','2016-11-07 01:38:28',NULL,'2016-11-07 01:38:28',NULL),(26,11,10,30,'T','2016-11-07 01:38:28',NULL,'2016-11-07 01:38:28',NULL),(27,11,11,31,'T','2016-11-07 01:38:28',NULL,'2016-11-07 01:38:28',NULL),(28,11,12,32,'T','2016-11-07 01:38:28',NULL,'2016-11-07 01:38:28',NULL),(29,11,13,33,'T','2016-11-07 01:38:28',NULL,'2016-11-07 01:38:28',NULL),(30,11,14,34,'T','2016-11-07 01:38:28',NULL,'2016-11-07 01:38:28',NULL),(31,11,15,35,'T','2016-11-07 01:38:28',NULL,'2016-11-07 01:38:28',NULL),(32,10,1,36,'T','2016-11-07 01:38:28',NULL,'2016-11-07 01:38:28',NULL),(33,11,1,37,'T','2016-11-07 01:38:28',NULL,'2016-11-07 01:38:28',NULL),(34,11,16,38,'T','2016-11-07 01:38:28',NULL,'2016-11-07 01:38:28',NULL),(35,11,17,39,'T','2016-11-07 01:38:28',NULL,'2016-11-07 01:38:28',NULL),(36,11,18,40,'T','2016-11-07 01:38:28',NULL,'2016-11-07 01:38:28',NULL),(37,11,19,41,'T','2016-11-07 01:38:28',NULL,'2016-11-07 01:38:28',NULL),(38,11,20,42,'T','2016-11-07 01:38:28',NULL,'2016-11-07 01:38:28',NULL),(39,15,5,43,'T','2016-11-07 01:40:34',NULL,'2016-11-07 01:40:34',NULL),(40,15,6,44,'T','2016-11-07 01:40:34',NULL,'2016-11-07 01:40:34',NULL),(41,15,7,45,'T','2016-11-07 01:40:34',NULL,'2016-11-07 01:40:34',NULL),(42,15,8,46,'T','2016-11-07 01:40:34',NULL,'2016-11-07 01:40:34',NULL),(43,10,21,47,'T','2016-11-07 01:40:34',NULL,'2016-11-07 01:40:34',NULL),(44,15,21,48,'T','2016-11-07 01:40:34',NULL,'2016-11-07 01:40:34',NULL),(45,15,11,49,'T','2016-11-07 01:40:34',NULL,'2016-11-07 01:40:34',NULL),(46,15,10,50,'T','2016-11-07 01:40:34',NULL,'2016-11-07 01:40:34',NULL),(47,15,9,51,'T','2016-11-07 01:40:34',NULL,'2016-11-07 01:40:34',NULL),(48,15,12,52,'T','2016-11-07 01:40:34',NULL,'2016-11-07 01:40:34',NULL),(49,15,13,53,'T','2016-11-07 01:40:34',NULL,'2016-11-07 01:40:34',NULL),(50,15,15,54,'T','2016-11-07 01:40:34',NULL,'2016-11-07 01:40:34',NULL),(51,15,1,55,'T','2016-11-07 01:40:34',NULL,'2016-11-07 01:40:34',NULL),(52,15,16,56,'T','2016-11-07 01:40:34',NULL,'2016-11-07 01:40:34',NULL),(53,15,19,57,'T','2016-11-07 01:40:34',NULL,'2016-11-07 01:40:34',NULL),(54,15,20,58,'T','2016-11-07 01:40:34',NULL,'2016-11-07 01:40:34',NULL),(55,11,22,59,'T','2016-11-07 01:42:42',NULL,'2016-11-07 01:42:42',NULL),(56,15,22,60,'T','2016-11-07 01:42:42',NULL,'2016-11-07 01:42:42',NULL),(57,11,23,61,'T','2016-11-07 01:42:42',NULL,'2016-11-07 01:42:42',NULL),(58,15,23,62,'T','2016-11-07 01:42:42',NULL,'2016-11-07 01:42:42',NULL),(59,11,24,63,'T','2016-11-07 02:07:08',NULL,'2016-11-07 02:07:08',NULL),(60,15,25,64,'T','2016-11-07 02:07:08',NULL,'2016-11-07 02:07:08',NULL),(61,10,26,65,'T','2016-11-07 03:12:07',NULL,'2016-11-07 03:12:07',NULL),(62,14,27,66,'T','2016-11-07 03:44:27',NULL,'2016-11-07 03:44:27',NULL),(63,18,28,67,'T','2016-11-07 03:45:46',NULL,'2016-11-07 03:45:46',NULL),(64,19,28,68,'T','2016-11-07 03:45:46',NULL,'2016-11-07 03:45:46',NULL),(65,18,29,69,'T','2016-11-07 03:45:46',NULL,'2016-11-07 03:45:46',NULL),(66,18,30,70,'T','2016-11-07 03:45:46',NULL,'2016-11-07 03:45:46',NULL),(67,18,31,71,'T','2016-11-07 03:45:46',NULL,'2016-11-07 03:45:46',NULL),(68,18,32,72,'T','2016-11-07 03:45:46',NULL,'2016-11-07 03:45:46',NULL),(69,19,32,73,'T','2016-11-07 03:45:46',NULL,'2016-11-07 03:45:46',NULL),(70,18,33,74,'T','2016-11-07 03:45:46',NULL,'2016-11-07 03:45:46',NULL),(71,18,34,75,'T','2016-11-07 03:45:46',NULL,'2016-11-07 03:45:46',NULL),(72,18,35,76,'T','2016-11-07 03:45:46',NULL,'2016-11-07 03:45:46',NULL),(73,18,36,77,'T','2016-11-07 03:45:46',NULL,'2016-11-07 03:45:46',NULL),(74,18,37,78,'T','2016-11-07 03:45:46',NULL,'2016-11-07 03:45:46',NULL),(75,19,38,79,'T','2016-11-07 03:45:46',NULL,'2016-11-07 03:45:46',NULL),(76,20,5,80,'T','2016-11-07 03:54:44',NULL,'2016-11-07 03:54:44',NULL),(77,20,6,81,'T','2016-11-07 03:54:44',NULL,'2016-11-07 03:54:44',NULL),(78,20,7,82,'T','2016-11-07 03:54:44',NULL,'2016-11-07 03:54:44',NULL),(79,20,15,83,'T','2016-11-07 03:54:44',NULL,'2016-11-07 03:54:44',NULL),(80,20,21,84,'T','2016-11-07 03:54:44',NULL,'2016-11-07 03:54:44',NULL),(81,20,9,85,'T','2016-11-07 03:54:44',NULL,'2016-11-07 03:54:44',NULL),(82,20,11,86,'T','2016-11-07 03:54:44',NULL,'2016-11-07 03:54:44',NULL),(83,20,12,87,'T','2016-11-07 03:54:44',NULL,'2016-11-07 03:54:44',NULL),(84,20,13,88,'T','2016-11-07 03:54:44',NULL,'2016-11-07 03:54:44',NULL),(85,20,14,89,'T','2016-11-07 03:54:44',NULL,'2016-11-07 03:54:44',NULL),(86,20,16,90,'T','2016-11-07 03:54:44',NULL,'2016-11-07 03:54:44',NULL),(87,20,1,91,'T','2016-11-07 03:54:44',NULL,'2016-11-07 03:54:44',NULL),(88,20,10,92,'T','2016-11-07 03:54:44',NULL,'2016-11-07 03:54:44',NULL),(89,20,18,93,'T','2016-11-07 03:54:44',NULL,'2016-11-07 03:54:44',NULL),(90,20,19,94,'T','2016-11-07 03:54:44',NULL,'2016-11-07 03:54:44',NULL),(91,20,20,95,'T','2016-11-07 03:54:44',NULL,'2016-11-07 03:54:44',NULL),(92,20,39,96,'T','2016-11-07 03:54:44',NULL,'2016-11-07 03:54:44',NULL),(153,27,79,157,'T','2016-11-07 10:00:33',NULL,'2016-11-07 10:00:33',NULL),(154,27,80,158,'T','2016-11-07 10:00:33',NULL,'2016-11-07 10:00:33',NULL),(155,28,80,159,'T','2016-11-07 10:00:33',NULL,'2016-11-07 10:00:33',NULL),(156,27,81,160,'T','2016-11-07 10:00:33',NULL,'2016-11-07 10:00:33',NULL),(157,28,81,161,'T','2016-11-07 10:00:33',NULL,'2016-11-07 10:00:33',NULL),(158,27,83,162,'T','2016-11-07 10:00:33',NULL,'2016-11-07 10:00:33',NULL),(159,28,83,163,'T','2016-11-07 10:00:33',NULL,'2016-11-07 10:00:33',NULL),(160,27,84,164,'T','2016-11-07 10:00:33',NULL,'2016-11-07 10:00:33',NULL),(161,28,84,165,'T','2016-11-07 10:00:33',NULL,'2016-11-07 10:00:33',NULL),(162,27,85,166,'T','2016-11-07 10:00:33',NULL,'2016-11-07 10:00:33',NULL),(163,28,85,167,'T','2016-11-07 10:00:33',NULL,'2016-11-07 10:00:33',NULL),(164,27,86,168,'T','2016-11-07 10:00:33',NULL,'2016-11-07 10:00:33',NULL),(165,28,86,169,'T','2016-11-07 10:00:33',NULL,'2016-11-07 10:00:33',NULL),(166,27,87,170,'T','2016-11-07 10:00:33',NULL,'2016-11-07 10:00:33',NULL),(167,27,88,171,'T','2016-11-07 10:00:33',NULL,'2016-11-07 10:00:33',NULL),(168,28,88,172,'T','2016-11-07 10:00:33',NULL,'2016-11-07 10:00:33',NULL),(169,27,89,173,'T','2016-11-07 10:00:33',NULL,'2016-11-07 10:00:33',NULL),(170,28,89,174,'T','2016-11-07 10:00:33',NULL,'2016-11-07 10:00:33',NULL),(171,27,91,175,'T','2016-11-07 10:00:33',NULL,'2016-11-07 10:00:33',NULL),(172,28,91,176,'T','2016-11-07 10:00:33',NULL,'2016-11-07 10:00:33',NULL),(173,27,92,177,'T','2016-11-07 10:00:33',NULL,'2016-11-07 10:00:33',NULL),(174,28,93,178,'T','2016-11-07 10:00:33',NULL,'2016-11-07 10:00:33',NULL),(175,29,94,179,'T','2016-11-07 10:01:56',NULL,'2016-11-07 10:01:56',NULL),(176,30,95,180,'T','2016-11-07 10:01:56',NULL,'2016-11-07 10:01:56',NULL),(177,32,96,181,'T','2016-11-07 10:02:29',NULL,'2016-11-07 10:02:29',NULL),(178,31,97,182,'T','2016-11-07 10:02:29',NULL,'2016-11-07 10:02:29',NULL),(179,32,97,183,'T','2016-11-07 10:02:29',NULL,'2016-11-07 10:02:29',NULL),(180,31,81,184,'T','2016-11-07 10:02:29',NULL,'2016-11-07 10:02:29',NULL),(181,32,81,185,'T','2016-11-07 10:02:29',NULL,'2016-11-07 10:02:29',NULL),(182,31,98,186,'T','2016-11-07 10:02:29',NULL,'2016-11-07 10:02:29',NULL),(183,32,99,187,'T','2016-11-07 10:02:29',NULL,'2016-11-07 10:02:29',NULL),(184,33,100,188,'T','2016-11-07 10:04:27',NULL,'2016-11-07 10:04:27',NULL),(185,34,101,189,'T','2016-11-07 10:04:27',NULL,'2016-11-07 10:04:27',NULL),(186,35,102,190,'T','2016-11-07 10:04:57',NULL,'2016-11-07 10:04:57',NULL),(187,36,103,191,'T','2016-11-07 10:04:57',NULL,'2016-11-07 10:04:57',NULL),(188,37,104,192,'T','2016-11-07 10:05:20',NULL,'2016-11-07 10:05:20',NULL),(189,38,105,193,'T','2016-11-07 10:05:20',NULL,'2016-11-07 10:05:20',NULL),(190,39,106,194,'T','2016-11-07 10:06:57',NULL,'2016-11-07 10:06:57',NULL),(191,40,107,195,'T','2016-11-07 10:06:57',NULL,'2016-11-07 10:06:57',NULL),(192,41,108,196,'T','2016-11-07 10:07:33',NULL,'2016-11-07 10:07:33',NULL),(193,42,109,197,'T','2016-11-07 10:07:33',NULL,'2016-11-07 10:07:33',NULL),(194,43,110,198,'T','2016-11-07 10:08:03',NULL,'2016-11-07 10:08:03',NULL),(195,44,111,199,'T','2016-11-07 10:08:03',NULL,'2016-11-07 10:08:03',NULL),(196,45,5,200,'T','2016-11-07 10:08:29',NULL,'2016-11-07 10:08:29',NULL),(197,45,6,201,'T','2016-11-07 10:08:29',NULL,'2016-11-07 10:08:29',NULL),(198,45,7,202,'T','2016-11-07 10:08:29',NULL,'2016-11-07 10:08:29',NULL),(199,45,8,203,'T','2016-11-07 10:08:29',NULL,'2016-11-07 10:08:29',NULL),(200,45,21,204,'T','2016-11-07 10:08:29',NULL,'2016-11-07 10:08:29',NULL),(201,45,11,205,'T','2016-11-07 10:08:29',NULL,'2016-11-07 10:08:29',NULL),(202,45,9,206,'T','2016-11-07 10:08:29',NULL,'2016-11-07 10:08:29',NULL),(203,45,12,207,'T','2016-11-07 10:08:29',NULL,'2016-11-07 10:08:29',NULL),(204,45,13,208,'T','2016-11-07 10:08:29',NULL,'2016-11-07 10:08:29',NULL),(205,45,15,209,'T','2016-11-07 10:08:29',NULL,'2016-11-07 10:08:29',NULL),(206,45,112,210,'T','2016-11-07 10:08:29',NULL,'2016-11-07 10:08:29',NULL),(207,10,112,211,'T','2016-11-07 10:08:29',NULL,'2016-11-07 10:08:29',NULL),(208,45,1,212,'T','2016-11-07 10:08:29',NULL,'2016-11-07 10:08:29',NULL),(209,45,10,213,'T','2016-11-07 10:08:29',NULL,'2016-11-07 10:08:29',NULL),(210,45,18,214,'T','2016-11-07 10:08:29',NULL,'2016-11-07 10:08:29',NULL),(211,45,19,215,'T','2016-11-07 10:08:29',NULL,'2016-11-07 10:08:29',NULL),(212,45,20,216,'T','2016-11-07 10:08:29',NULL,'2016-11-07 10:08:29',NULL),(213,45,16,217,'T','2016-11-07 10:08:29',NULL,'2016-11-07 10:08:29',NULL),(214,45,113,218,'T','2016-11-07 10:08:29',NULL,'2016-11-07 10:08:29',NULL),(215,39,80,219,'T','2016-11-07 10:49:55',NULL,'2016-11-07 10:49:55',NULL),(216,39,81,220,'T','2016-11-07 10:49:55',NULL,'2016-11-07 10:49:55',NULL),(217,39,87,221,'T','2016-11-07 10:49:55',NULL,'2016-11-07 10:49:55',NULL),(218,39,89,222,'T','2016-11-07 10:49:55',NULL,'2016-11-07 10:49:55',NULL),(219,39,90,223,'T','2016-11-07 10:49:55',NULL,'2016-11-07 10:49:55',NULL),(220,27,114,224,'T','2016-11-07 10:49:55',NULL,'2016-11-07 10:49:55',NULL),(221,39,114,225,'T','2016-11-07 10:49:55',NULL,'2016-11-07 10:49:55',NULL),(222,46,115,226,'T','2016-11-07 13:00:27',NULL,'2016-11-07 13:00:27',NULL),(223,47,116,227,'T','2016-11-07 13:00:27',NULL,'2016-11-07 13:00:27',NULL),(224,48,117,228,'T','2016-11-07 13:00:54',NULL,'2016-11-07 13:00:54',NULL),(225,49,118,229,'T','2016-11-07 13:00:54',NULL,'2016-11-07 13:00:54',NULL),(226,50,119,230,'T','2016-11-07 13:01:18',NULL,'2016-11-07 13:01:18',NULL),(227,51,120,231,'T','2016-11-07 13:01:18',NULL,'2016-11-07 13:01:18',NULL),(228,52,121,232,'T','2016-11-07 15:56:56',NULL,'2016-11-07 15:56:56',NULL),(229,53,122,233,'T','2016-11-07 15:57:13',NULL,'2016-11-07 15:57:13',NULL),(230,54,81,234,'T','2016-11-07 15:58:04',NULL,'2016-11-07 15:58:04',NULL),(231,55,81,235,'T','2016-11-07 15:58:04',NULL,'2016-11-07 15:58:04',NULL),(232,54,123,236,'T','2016-11-07 15:58:04',NULL,'2016-11-07 15:58:04',NULL),(233,55,124,237,'T','2016-11-07 15:58:04',NULL,'2016-11-07 15:58:04',NULL),(234,55,125,238,'T','2016-11-07 15:58:15',NULL,'2016-11-07 15:58:15',NULL),(235,56,125,239,'T','2016-11-07 15:58:15',NULL,'2016-11-07 15:58:15',NULL),(236,55,126,240,'T','2016-11-07 15:58:15',NULL,'2016-11-07 15:58:15',NULL),(237,56,126,241,'T','2016-11-07 15:58:15',NULL,'2016-11-07 15:58:15',NULL),(238,55,127,242,'T','2016-11-07 15:58:15',NULL,'2016-11-07 15:58:15',NULL),(239,56,127,243,'T','2016-11-07 15:58:15',NULL,'2016-11-07 15:58:15',NULL),(240,55,128,244,'T','2016-11-07 15:58:15',NULL,'2016-11-07 15:58:15',NULL),(241,56,128,245,'T','2016-11-07 15:58:15',NULL,'2016-11-07 15:58:15',NULL),(242,56,81,246,'T','2016-11-07 15:58:15',NULL,'2016-11-07 15:58:15',NULL),(243,56,129,247,'T','2016-11-07 15:58:15',NULL,'2016-11-07 15:58:15',NULL),(244,57,81,248,'T','2016-11-07 16:00:12',NULL,'2016-11-07 16:00:12',NULL),(245,57,130,249,'T','2016-11-07 16:00:12',NULL,'2016-11-07 16:00:12',NULL),(246,58,131,250,'T','2016-11-07 16:00:33',NULL,'2016-11-07 16:00:33',NULL),(247,59,132,251,'T','2016-11-07 16:01:02',NULL,'2016-11-07 16:01:02',NULL),(248,60,133,252,'T','2016-11-07 16:01:02',NULL,'2016-11-07 16:01:02',NULL),(249,61,134,253,'T','2016-11-07 16:01:14',NULL,'2016-11-07 16:01:14',NULL),(250,62,135,254,'T','2016-11-07 16:01:28',NULL,'2016-11-07 16:01:28',NULL),(251,63,81,255,'T','2016-11-07 16:01:52',NULL,'2016-11-07 16:01:52',NULL),(252,63,84,256,'T','2016-11-07 16:01:52',NULL,'2016-11-07 16:01:52',NULL),(253,63,85,257,'T','2016-11-07 16:01:52',NULL,'2016-11-07 16:01:52',NULL),(254,63,86,258,'T','2016-11-07 16:01:52',NULL,'2016-11-07 16:01:52',NULL),(255,63,88,259,'T','2016-11-07 16:01:52',NULL,'2016-11-07 16:01:52',NULL),(256,63,89,260,'T','2016-11-07 16:01:52',NULL,'2016-11-07 16:01:52',NULL),(257,63,91,261,'T','2016-11-07 16:01:52',NULL,'2016-11-07 16:01:52',NULL),(258,63,136,262,'T','2016-11-07 16:01:52',NULL,'2016-11-07 16:01:52',NULL),(259,39,96,263,'T','2016-11-07 16:02:50',NULL,'2016-11-07 16:02:50',NULL),(260,64,137,264,'T','2016-11-07 16:03:40',NULL,'2016-11-07 16:03:40',NULL),(261,65,138,265,'T','2016-11-07 16:03:40',NULL,'2016-11-07 16:03:40',NULL),(262,66,139,266,'T','2016-11-07 16:04:14',NULL,'2016-11-07 16:04:14',NULL),(263,10,140,267,'T','2016-11-09 11:32:50',NULL,'2016-11-09 11:32:50',NULL),(264,15,140,268,'T','2016-11-09 11:32:50',NULL,'2016-11-09 11:32:50',NULL),(265,27,140,269,'T','2016-11-09 11:33:57',NULL,'2016-11-09 11:33:57',NULL),(266,39,140,270,'T','2016-11-09 11:33:57',NULL,'2016-11-09 11:33:57',NULL),(267,11,140,271,'T','2016-11-09 11:36:46',NULL,'2016-11-09 11:36:46',NULL),(268,33,140,272,'T','2016-11-09 11:46:34',NULL,'2016-11-09 11:46:34',NULL),(269,34,140,273,'T','2016-11-09 11:46:34',NULL,'2016-11-09 11:46:34',NULL),(270,35,140,274,'T','2016-11-09 11:48:34',NULL,'2016-11-09 11:48:34',NULL),(271,36,140,275,'T','2016-11-09 11:48:34',NULL,'2016-11-09 11:48:34',NULL),(272,46,140,276,'T','2016-11-09 12:00:41',NULL,'2016-11-09 12:00:41',NULL),(273,47,140,277,'T','2016-11-09 12:00:41',NULL,'2016-11-09 12:00:41',NULL),(274,67,140,278,'T','2016-11-09 12:01:07',NULL,'2016-11-09 12:01:07',NULL),(275,67,141,279,'T','2016-11-09 12:01:07',NULL,'2016-11-09 12:01:07',NULL),(276,51,5,280,'T','2016-11-09 12:01:20',NULL,'2016-11-09 12:01:20',NULL),(277,51,6,281,'T','2016-11-09 12:01:20',NULL,'2016-11-09 12:01:20',NULL),(278,51,7,282,'T','2016-11-09 12:01:20',NULL,'2016-11-09 12:01:20',NULL),(279,51,140,283,'T','2016-11-09 12:01:20',NULL,'2016-11-09 12:01:20',NULL),(280,51,8,284,'T','2016-11-09 12:01:20',NULL,'2016-11-09 12:01:20',NULL),(281,51,11,285,'T','2016-11-09 12:01:20',NULL,'2016-11-09 12:01:20',NULL),(282,51,9,286,'T','2016-11-09 12:01:20',NULL,'2016-11-09 12:01:20',NULL),(283,51,12,287,'T','2016-11-09 12:01:20',NULL,'2016-11-09 12:01:20',NULL),(284,51,13,288,'T','2016-11-09 12:01:20',NULL,'2016-11-09 12:01:20',NULL),(285,51,14,289,'T','2016-11-09 12:01:20',NULL,'2016-11-09 12:01:20',NULL),(286,51,15,290,'T','2016-11-09 12:01:20',NULL,'2016-11-09 12:01:20',NULL),(287,51,1,291,'T','2016-11-09 12:01:20',NULL,'2016-11-09 12:01:20',NULL),(288,51,16,292,'T','2016-11-09 12:01:20',NULL,'2016-11-09 12:01:20',NULL),(289,51,18,293,'T','2016-11-09 12:01:20',NULL,'2016-11-09 12:01:20',NULL),(290,51,19,294,'T','2016-11-09 12:01:20',NULL,'2016-11-09 12:01:20',NULL),(291,51,20,295,'T','2016-11-09 12:01:20',NULL,'2016-11-09 12:01:20',NULL),(292,51,112,296,'T','2016-11-09 12:01:20',NULL,'2016-11-09 12:01:20',NULL),(293,43,140,297,'T','2016-11-09 12:01:45',NULL,'2016-11-09 12:01:45',NULL),(294,44,140,298,'T','2016-11-09 12:01:45',NULL,'2016-11-09 12:01:45',NULL),(295,48,81,299,'T','2016-11-09 12:02:20',NULL,'2016-11-09 12:02:20',NULL),(296,55,140,300,'T','2016-11-09 12:02:20',NULL,'2016-11-09 12:02:20',NULL),(297,48,140,301,'T','2016-11-09 12:02:20',NULL,'2016-11-09 12:02:20',NULL),(298,57,140,304,'T','2016-11-09 12:03:40',NULL,'2016-11-09 12:03:40',NULL),(299,58,140,305,'T','2016-11-09 12:03:40',NULL,'2016-11-09 12:03:40',NULL),(300,45,140,306,'T','2016-11-09 12:03:47',NULL,'2016-11-09 12:03:47',NULL),(301,68,29,307,'T','2016-11-09 12:04:14',NULL,'2016-11-09 12:04:14',NULL),(302,69,29,308,'T','2016-11-09 12:04:14',NULL,'2016-11-09 12:04:14',NULL),(303,68,81,309,'T','2016-11-09 12:04:14',NULL,'2016-11-09 12:04:14',NULL),(304,69,81,310,'T','2016-11-09 12:04:14',NULL,'2016-11-09 12:04:14',NULL),(305,68,140,311,'T','2016-11-09 12:04:14',NULL,'2016-11-09 12:04:14',NULL),(306,69,140,312,'T','2016-11-09 12:04:14',NULL,'2016-11-09 12:04:14',NULL),(307,68,34,313,'T','2016-11-09 12:04:14',NULL,'2016-11-09 12:04:14',NULL),(308,69,34,314,'T','2016-11-09 12:04:14',NULL,'2016-11-09 12:04:14',NULL),(309,68,35,315,'T','2016-11-09 12:04:14',NULL,'2016-11-09 12:04:14',NULL),(310,68,142,316,'T','2016-11-09 12:04:14',NULL,'2016-11-09 12:04:14',NULL),(311,69,143,317,'T','2016-11-09 12:04:14',NULL,'2016-11-09 12:04:14',NULL),(312,70,81,318,'T','2016-11-09 12:04:07',NULL,'2016-11-09 12:04:07',NULL),(313,18,81,319,'T','2016-11-09 12:04:07',NULL,'2016-11-09 12:04:07',NULL),(314,70,140,320,'T','2016-11-09 12:04:07',NULL,'2016-11-09 12:04:07',NULL),(315,18,140,321,'T','2016-11-09 12:04:07',NULL,'2016-11-09 12:04:07',NULL),(316,70,144,322,'T','2016-11-09 12:04:07',NULL,'2016-11-09 12:04:07',NULL),(317,19,140,323,'T','2016-11-09 12:05:33',NULL,'2016-11-09 12:05:33',NULL),(318,68,145,324,'T','2016-11-09 12:05:33',NULL,'2016-11-09 12:05:33',NULL),(319,71,140,325,'T','2016-11-09 12:05:43',NULL,'2016-11-09 12:05:43',NULL),(320,72,140,326,'T','2016-11-09 12:05:43',NULL,'2016-11-09 12:05:43',NULL),(321,71,146,327,'T','2016-11-09 12:05:43',NULL,'2016-11-09 12:05:43',NULL),(322,72,147,328,'T','2016-11-09 12:05:43',NULL,'2016-11-09 12:05:43',NULL),(323,73,140,329,'T','2016-11-09 12:05:58',NULL,'2016-11-09 12:05:58',NULL),(324,73,148,330,'T','2016-11-09 12:05:58',NULL,'2016-11-09 12:05:58',NULL),(325,74,140,331,'T','2016-11-09 12:06:32',NULL,'2016-11-09 12:06:32',NULL),(326,74,149,332,'T','2016-11-09 12:06:32',NULL,'2016-11-09 12:06:32',NULL),(327,75,140,333,'T','2016-11-09 12:06:44',NULL,'2016-11-09 12:06:44',NULL),(328,75,150,334,'T','2016-11-09 12:06:44',NULL,'2016-11-09 12:06:44',NULL),(329,76,140,335,'T','2016-11-09 12:07:25',NULL,'2016-11-09 12:07:25',NULL),(330,76,151,336,'T','2016-11-09 12:07:25',NULL,'2016-11-09 12:07:25',NULL),(331,77,140,337,'T','2016-11-09 12:08:40',NULL,'2016-11-09 12:08:40',NULL),(332,78,140,338,'T','2016-11-09 12:08:40',NULL,'2016-11-09 12:08:40',NULL),(333,77,152,339,'T','2016-11-09 12:08:40',NULL,'2016-11-09 12:08:40',NULL),(334,78,153,340,'T','2016-11-09 12:08:40',NULL,'2016-11-09 12:08:40',NULL),(335,79,140,341,'T','2016-11-09 12:09:02',NULL,'2016-11-09 12:09:02',NULL),(336,79,154,342,'T','2016-11-09 12:09:02',NULL,'2016-11-09 12:09:02',NULL),(337,80,155,367,'T','2016-11-09 12:20:10',NULL,'2016-11-09 12:20:10',NULL),(338,81,155,368,'T','2016-11-09 12:20:10',NULL,'2016-11-09 12:20:10',NULL),(339,80,156,369,'T','2016-11-09 12:20:10',NULL,'2016-11-09 12:20:10',NULL),(340,81,156,370,'T','2016-11-09 12:20:10',NULL,'2016-11-09 12:20:10',NULL),(341,80,6,371,'T','2016-11-09 12:20:10',NULL,'2016-11-09 12:20:10',NULL),(342,81,6,372,'T','2016-11-09 12:20:10',NULL,'2016-11-09 12:20:10',NULL),(343,80,81,373,'T','2016-11-09 12:20:10',NULL,'2016-11-09 12:20:10',NULL),(344,80,157,374,'T','2016-11-09 12:20:10',NULL,'2016-11-09 12:20:10',NULL),(345,81,157,375,'T','2016-11-09 12:20:10',NULL,'2016-11-09 12:20:10',NULL),(346,80,158,376,'T','2016-11-09 12:20:10',NULL,'2016-11-09 12:20:10',NULL),(347,81,158,377,'T','2016-11-09 12:20:10',NULL,'2016-11-09 12:20:10',NULL),(348,80,159,378,'T','2016-11-09 12:20:10',NULL,'2016-11-09 12:20:10',NULL),(349,81,159,379,'T','2016-11-09 12:20:10',NULL,'2016-11-09 12:20:10',NULL),(350,80,160,380,'T','2016-11-09 12:20:10',NULL,'2016-11-09 12:20:10',NULL),(351,81,160,381,'T','2016-11-09 12:20:10',NULL,'2016-11-09 12:20:10',NULL),(352,80,161,382,'T','2016-11-09 12:20:10',NULL,'2016-11-09 12:20:10',NULL),(353,81,161,383,'T','2016-11-09 12:20:10',NULL,'2016-11-09 12:20:10',NULL),(354,80,162,384,'T','2016-11-09 12:20:10',NULL,'2016-11-09 12:20:10',NULL),(355,80,16,385,'T','2016-11-09 12:20:10',NULL,'2016-11-09 12:20:10',NULL),(356,81,16,386,'T','2016-11-09 12:20:10',NULL,'2016-11-09 12:20:10',NULL),(357,80,163,387,'T','2016-11-09 12:20:10',NULL,'2016-11-09 12:20:10',NULL),(358,81,163,388,'T','2016-11-09 12:20:10',NULL,'2016-11-09 12:20:10',NULL),(359,80,164,389,'T','2016-11-09 12:20:10',NULL,'2016-11-09 12:20:10',NULL),(360,80,165,390,'T','2016-11-09 12:20:10',NULL,'2016-11-09 12:20:10',NULL),(361,81,165,391,'T','2016-11-09 12:20:10',NULL,'2016-11-09 12:20:10',NULL),(362,80,166,392,'T','2016-11-09 12:20:10',NULL,'2016-11-09 12:20:10',NULL),(363,81,166,393,'T','2016-11-09 12:20:10',NULL,'2016-11-09 12:20:10',NULL),(364,80,18,394,'T','2016-11-09 12:20:10',NULL,'2016-11-09 12:20:10',NULL),(365,80,167,395,'T','2016-11-09 12:20:10',NULL,'2016-11-09 12:20:10',NULL),(366,81,167,396,'T','2016-11-09 12:20:10',NULL,'2016-11-09 12:20:10',NULL),(367,80,168,397,'T','2016-11-09 12:20:10',NULL,'2016-11-09 12:20:10',NULL),(368,81,168,398,'T','2016-11-09 12:20:10',NULL,'2016-11-09 12:20:10',NULL),(369,80,169,399,'T','2016-11-09 12:20:10',NULL,'2016-11-09 12:20:10',NULL),(370,81,170,400,'T','2016-11-09 12:20:10',NULL,'2016-11-09 12:20:10',NULL),(371,82,171,403,'T','2016-11-09 12:20:34',NULL,'2016-11-09 12:20:34',NULL),(372,83,155,406,'T','2016-11-09 12:20:47',NULL,'2016-11-09 12:20:47',NULL),(373,83,6,407,'T','2016-11-09 12:20:47',NULL,'2016-11-09 12:20:47',NULL),(374,83,81,408,'T','2016-11-09 12:20:47',NULL,'2016-11-09 12:20:47',NULL),(375,83,161,409,'T','2016-11-09 12:20:47',NULL,'2016-11-09 12:20:47',NULL),(376,83,162,410,'T','2016-11-09 12:20:47',NULL,'2016-11-09 12:20:47',NULL),(377,83,160,411,'T','2016-11-09 12:20:47',NULL,'2016-11-09 12:20:47',NULL),(378,83,157,412,'T','2016-11-09 12:20:47',NULL,'2016-11-09 12:20:47',NULL),(379,83,159,413,'T','2016-11-09 12:20:47',NULL,'2016-11-09 12:20:47',NULL),(380,83,16,414,'T','2016-11-09 12:20:47',NULL,'2016-11-09 12:20:47',NULL),(381,83,163,415,'T','2016-11-09 12:20:47',NULL,'2016-11-09 12:20:47',NULL),(382,83,164,416,'T','2016-11-09 12:20:47',NULL,'2016-11-09 12:20:47',NULL),(383,83,165,417,'T','2016-11-09 12:20:47',NULL,'2016-11-09 12:20:47',NULL),(384,83,168,418,'T','2016-11-09 12:20:47',NULL,'2016-11-09 12:20:47',NULL),(385,83,172,419,'T','2016-11-09 12:20:47',NULL,'2016-11-09 12:20:47',NULL),(386,84,155,422,'T','2016-11-09 12:21:38',NULL,'2016-11-09 12:21:38',NULL),(387,84,6,423,'T','2016-11-09 12:21:38',NULL,'2016-11-09 12:21:38',NULL),(388,84,81,424,'T','2016-11-09 12:21:38',NULL,'2016-11-09 12:21:38',NULL),(389,84,160,425,'T','2016-11-09 12:21:38',NULL,'2016-11-09 12:21:38',NULL),(390,84,159,426,'T','2016-11-09 12:21:38',NULL,'2016-11-09 12:21:38',NULL),(391,84,16,427,'T','2016-11-09 12:21:38',NULL,'2016-11-09 12:21:38',NULL),(392,84,163,428,'T','2016-11-09 12:21:38',NULL,'2016-11-09 12:21:38',NULL),(393,84,10,429,'T','2016-11-09 12:21:38',NULL,'2016-11-09 12:21:38',NULL),(394,84,173,430,'T','2016-11-09 12:21:38',NULL,'2016-11-09 12:21:38',NULL),(395,85,165,433,'T','2016-11-09 12:22:20',NULL,'2016-11-09 12:22:20',NULL),(396,85,81,434,'T','2016-11-09 12:22:20',NULL,'2016-11-09 12:22:20',NULL),(397,85,174,435,'T','2016-11-09 12:22:20',NULL,'2016-11-09 12:22:20',NULL),(398,86,175,438,'T','2016-11-09 12:22:50',NULL,'2016-11-09 12:22:50',NULL),(399,87,158,439,'T','2016-11-09 12:23:07',NULL,'2016-11-09 12:23:07',NULL),(400,87,176,442,'T','2016-11-09 12:23:07',NULL,'2016-11-09 12:23:07',NULL),(401,88,177,445,'T','2016-11-09 12:23:24',NULL,'2016-11-09 12:23:24',NULL),(402,89,155,448,'T','2016-11-09 12:24:11',NULL,'2016-11-09 12:24:11',NULL),(403,89,156,449,'T','2016-11-09 12:24:11',NULL,'2016-11-09 12:24:11',NULL),(404,80,178,450,'T','2016-11-09 12:24:11',NULL,'2016-11-09 12:24:11',NULL),(405,89,178,451,'T','2016-11-09 12:24:11',NULL,'2016-11-09 12:24:11',NULL),(406,89,158,452,'T','2016-11-09 12:24:11',NULL,'2016-11-09 12:24:11',NULL),(407,89,159,453,'T','2016-11-09 12:24:11',NULL,'2016-11-09 12:24:11',NULL),(408,89,161,454,'T','2016-11-09 12:24:11',NULL,'2016-11-09 12:24:11',NULL),(409,89,16,455,'T','2016-11-09 12:24:11',NULL,'2016-11-09 12:24:11',NULL),(410,89,163,456,'T','2016-11-09 12:24:11',NULL,'2016-11-09 12:24:11',NULL),(411,89,165,457,'T','2016-11-09 12:24:11',NULL,'2016-11-09 12:24:11',NULL),(412,89,167,458,'T','2016-11-09 12:24:11',NULL,'2016-11-09 12:24:11',NULL),(413,89,168,459,'T','2016-11-09 12:24:11',NULL,'2016-11-09 12:24:11',NULL),(414,90,155,460,'T','2016-11-09 12:24:19',NULL,'2016-11-09 12:24:19',NULL),(415,90,6,461,'T','2016-11-09 12:24:19',NULL,'2016-11-09 12:24:19',NULL),(416,90,81,462,'T','2016-11-09 12:24:19',NULL,'2016-11-09 12:24:19',NULL),(417,90,160,463,'T','2016-11-09 12:24:19',NULL,'2016-11-09 12:24:19',NULL),(418,90,157,464,'T','2016-11-09 12:24:19',NULL,'2016-11-09 12:24:19',NULL),(419,90,159,465,'T','2016-11-09 12:24:19',NULL,'2016-11-09 12:24:19',NULL),(420,90,163,466,'T','2016-11-09 12:24:19',NULL,'2016-11-09 12:24:19',NULL),(421,90,164,467,'T','2016-11-09 12:24:19',NULL,'2016-11-09 12:24:19',NULL),(422,90,165,468,'T','2016-11-09 12:24:19',NULL,'2016-11-09 12:24:19',NULL),(423,90,166,469,'T','2016-11-09 12:24:19',NULL,'2016-11-09 12:24:19',NULL),(424,90,167,470,'T','2016-11-09 12:24:19',NULL,'2016-11-09 12:24:19',NULL),(425,90,168,471,'T','2016-11-09 12:24:19',NULL,'2016-11-09 12:24:19',NULL),(426,89,179,472,'T','2016-11-09 12:24:11',NULL,'2016-11-09 12:24:11',NULL),(427,90,180,473,'T','2016-11-09 12:24:19',NULL,'2016-11-09 12:24:19',NULL),(430,93,81,482,'T','2016-11-09 12:26:52',NULL,'2016-11-09 12:26:52',NULL),(431,93,183,483,'T','2016-11-09 12:26:52',NULL,'2016-11-09 12:26:52',NULL),(432,94,5,486,'T','2016-11-11 15:02:36',NULL,'2016-11-11 15:02:36',NULL),(433,94,6,487,'T','2016-11-11 15:02:36',NULL,'2016-11-11 15:02:36',NULL),(434,94,7,488,'T','2016-11-11 15:02:36',NULL,'2016-11-11 15:02:36',NULL),(435,94,8,489,'T','2016-11-11 15:02:36',NULL,'2016-11-11 15:02:36',NULL),(436,94,21,490,'T','2016-11-11 15:02:36',NULL,'2016-11-11 15:02:36',NULL),(437,94,11,491,'T','2016-11-11 15:02:36',NULL,'2016-11-11 15:02:36',NULL),(438,94,10,492,'T','2016-11-11 15:02:36',NULL,'2016-11-11 15:02:36',NULL),(439,94,9,493,'T','2016-11-11 15:02:36',NULL,'2016-11-11 15:02:36',NULL),(440,94,12,494,'T','2016-11-11 15:02:36',NULL,'2016-11-11 15:02:36',NULL),(441,94,13,495,'T','2016-11-11 15:02:36',NULL,'2016-11-11 15:02:36',NULL),(442,94,15,496,'T','2016-11-11 15:02:36',NULL,'2016-11-11 15:02:36',NULL),(443,94,1,497,'T','2016-11-11 15:02:36',NULL,'2016-11-11 15:02:36',NULL),(444,94,16,498,'T','2016-11-11 15:02:36',NULL,'2016-11-11 15:02:36',NULL),(445,94,18,499,'T','2016-11-11 15:02:36',NULL,'2016-11-11 15:02:36',NULL),(446,94,19,500,'T','2016-11-11 15:02:36',NULL,'2016-11-11 15:02:36',NULL),(447,94,20,501,'T','2016-11-11 15:02:36',NULL,'2016-11-11 15:02:36',NULL),(448,94,112,502,'T','2016-11-11 15:02:36',NULL,'2016-11-11 15:02:36',NULL),(449,94,184,503,'T','2016-11-11 15:02:36',NULL,'2016-11-11 15:02:36',NULL),(450,95,185,506,'T','2016-11-11 15:05:46',NULL,'2016-11-11 15:05:46',NULL),(451,43,28,507,'T','2016-11-11 15:08:22',NULL,'2016-11-11 15:08:22',NULL),(452,43,81,508,'T','2016-11-11 15:08:22',NULL,'2016-11-11 15:08:22',NULL),(453,44,81,509,'T','2016-11-11 15:08:22',NULL,'2016-11-11 15:08:22',NULL),(454,44,34,510,'T','2016-11-11 15:08:22',NULL,'2016-11-11 15:08:22',NULL),(455,43,36,511,'T','2016-11-11 15:08:22',NULL,'2016-11-11 15:08:22',NULL),(456,44,36,512,'T','2016-11-11 15:08:22',NULL,'2016-11-11 15:08:22',NULL),(459,98,188,519,'T','2016-11-11 15:14:24',NULL,'2016-11-11 15:14:24',NULL),(460,99,189,520,'T','2016-11-11 15:14:24',NULL,'2016-11-11 15:14:24',NULL),(461,100,190,525,'T','2016-11-11 15:15:52',NULL,'2016-11-11 15:15:52',NULL),(462,101,191,526,'T','2016-11-11 15:15:52',NULL,'2016-11-11 15:15:52',NULL),(463,102,192,527,'T','2016-11-11 15:16:37',NULL,'2016-11-11 15:16:37',NULL),(464,103,192,528,'T','2016-11-11 15:16:37',NULL,'2016-11-11 15:16:37',NULL),(465,102,193,529,'T','2016-11-11 15:16:37',NULL,'2016-11-11 15:16:37',NULL),(466,103,193,530,'T','2016-11-11 15:16:37',NULL,'2016-11-11 15:16:37',NULL),(467,102,194,531,'T','2016-11-11 15:16:37',NULL,'2016-11-11 15:16:37',NULL),(468,103,194,532,'T','2016-11-11 15:16:37',NULL,'2016-11-11 15:16:37',NULL),(469,102,81,533,'T','2016-11-11 15:16:37',NULL,'2016-11-11 15:16:37',NULL),(470,103,81,534,'T','2016-11-11 15:16:37',NULL,'2016-11-11 15:16:37',NULL),(471,102,195,535,'T','2016-11-11 15:16:37',NULL,'2016-11-11 15:16:37',NULL),(472,102,196,536,'T','2016-11-11 15:16:37',NULL,'2016-11-11 15:16:37',NULL),(473,103,197,537,'T','2016-11-11 15:16:37',NULL,'2016-11-11 15:16:37',NULL),(474,104,198,540,'T','2016-11-11 15:20:22',NULL,'2016-11-11 15:20:22',NULL),(475,105,126,541,'T','2016-11-11 15:21:24',NULL,'2016-11-11 15:21:24',NULL),(476,105,127,542,'T','2016-11-11 15:21:24',NULL,'2016-11-11 15:21:24',NULL),(477,105,128,543,'T','2016-11-11 15:21:24',NULL,'2016-11-11 15:21:24',NULL),(478,105,199,544,'T','2016-11-11 15:21:24',NULL,'2016-11-11 15:21:24',NULL),(479,106,200,547,'T','2016-11-11 15:23:07',NULL,'2016-11-11 15:23:07',NULL),(480,107,126,548,'T','2016-11-11 15:23:26',NULL,'2016-11-11 15:23:26',NULL),(481,108,126,549,'T','2016-11-11 15:23:26',NULL,'2016-11-11 15:23:26',NULL),(482,107,127,550,'T','2016-11-11 15:23:26',NULL,'2016-11-11 15:23:26',NULL),(483,108,127,551,'T','2016-11-11 15:23:26',NULL,'2016-11-11 15:23:26',NULL),(484,107,81,552,'T','2016-11-11 15:23:26',NULL,'2016-11-11 15:23:26',NULL),(485,107,201,553,'T','2016-11-11 15:23:26',NULL,'2016-11-11 15:23:26',NULL),(486,108,201,554,'T','2016-11-11 15:23:26',NULL,'2016-11-11 15:23:26',NULL),(487,107,125,555,'T','2016-11-11 15:23:26',NULL,'2016-11-11 15:23:26',NULL),(488,108,125,556,'T','2016-11-11 15:23:26',NULL,'2016-11-11 15:23:26',NULL),(489,107,128,557,'T','2016-11-11 15:23:26',NULL,'2016-11-11 15:23:26',NULL),(490,108,128,558,'T','2016-11-11 15:23:26',NULL,'2016-11-11 15:23:26',NULL),(491,107,202,559,'T','2016-11-11 15:23:26',NULL,'2016-11-11 15:23:26',NULL),(492,108,202,560,'T','2016-11-11 15:23:26',NULL,'2016-11-11 15:23:26',NULL),(493,107,203,561,'T','2016-11-11 15:23:26',NULL,'2016-11-11 15:23:26',NULL),(494,108,204,562,'T','2016-11-11 15:23:26',NULL,'2016-11-11 15:23:26',NULL),(495,83,17,565,'T','2016-11-11 15:25:44',NULL,'2016-11-11 15:25:44',NULL),(496,81,17,566,'T','2016-11-11 15:25:44',NULL,'2016-11-11 15:25:44',NULL),(497,109,155,571,'T','2016-11-11 15:30:39',NULL,'2016-11-11 15:30:39',NULL),(498,110,155,572,'T','2016-11-11 15:30:39',NULL,'2016-11-11 15:30:39',NULL),(499,109,205,573,'T','2016-11-11 15:30:39',NULL,'2016-11-11 15:30:39',NULL),(500,110,205,574,'T','2016-11-11 15:30:39',NULL,'2016-11-11 15:30:39',NULL),(501,109,206,575,'T','2016-11-11 15:30:39',NULL,'2016-11-11 15:30:39',NULL),(502,110,206,576,'T','2016-11-11 15:30:39',NULL,'2016-11-11 15:30:39',NULL),(503,109,207,577,'T','2016-11-11 15:30:39',NULL,'2016-11-11 15:30:39',NULL),(504,110,207,578,'T','2016-11-11 15:30:39',NULL,'2016-11-11 15:30:39',NULL),(505,109,81,579,'T','2016-11-11 15:30:39',NULL,'2016-11-11 15:30:39',NULL),(506,110,81,580,'T','2016-11-11 15:30:39',NULL,'2016-11-11 15:30:39',NULL),(507,109,208,581,'T','2016-11-11 15:30:39',NULL,'2016-11-11 15:30:39',NULL),(508,110,209,582,'T','2016-11-11 15:30:39',NULL,'2016-11-11 15:30:39',NULL),(509,111,210,585,'T','2016-11-11 15:36:36',NULL,'2016-11-11 15:36:36',NULL),(510,112,210,586,'T','2016-11-11 15:36:36',NULL,'2016-11-11 15:36:36',NULL),(511,111,81,587,'T','2016-11-11 15:36:36',NULL,'2016-11-11 15:36:36',NULL),(512,112,81,588,'T','2016-11-11 15:36:36',NULL,'2016-11-11 15:36:36',NULL),(513,111,211,589,'T','2016-11-11 15:36:36',NULL,'2016-11-11 15:36:36',NULL),(514,112,211,590,'T','2016-11-11 15:36:36',NULL,'2016-11-11 15:36:36',NULL),(515,111,212,591,'T','2016-11-11 15:36:36',NULL,'2016-11-11 15:36:36',NULL),(516,112,212,592,'T','2016-11-11 15:36:36',NULL,'2016-11-11 15:36:36',NULL),(517,111,213,593,'T','2016-11-11 15:36:36',NULL,'2016-11-11 15:36:36',NULL),(518,112,213,594,'T','2016-11-11 15:36:36',NULL,'2016-11-11 15:36:36',NULL),(519,111,215,595,'T','2016-11-11 15:36:36',NULL,'2016-11-11 15:36:36',NULL),(520,112,215,596,'T','2016-11-11 15:36:36',NULL,'2016-11-11 15:36:36',NULL),(521,111,216,597,'T','2016-11-11 15:36:36',NULL,'2016-11-11 15:36:36',NULL),(522,112,217,598,'T','2016-11-11 15:36:36',NULL,'2016-11-11 15:36:36',NULL),(523,112,210,599,'T','2016-11-11 15:40:42',NULL,'2016-11-11 15:40:42',NULL),(524,112,210,602,'T','2016-11-11 16:00:57',NULL,'2016-11-11 16:00:57',NULL),(525,113,210,603,'T','2016-11-11 16:02:16',NULL,'2016-11-11 16:02:16',NULL),(526,113,81,604,'T','2016-11-11 16:02:16',NULL,'2016-11-11 16:02:16',NULL),(527,113,212,605,'T','2016-11-11 16:02:16',NULL,'2016-11-11 16:02:16',NULL),(528,113,213,606,'T','2016-11-11 16:02:16',NULL,'2016-11-11 16:02:16',NULL),(529,113,218,607,'T','2016-11-11 16:02:16',NULL,'2016-11-11 16:02:16',NULL),(530,112,218,608,'T','2016-11-11 16:02:16',NULL,'2016-11-11 16:02:16',NULL),(531,113,214,609,'T','2016-11-11 16:02:16',NULL,'2016-11-11 16:02:16',NULL),(532,113,219,610,'T','2016-11-11 16:02:16',NULL,'2016-11-11 16:02:16',NULL),(533,112,219,611,'T','2016-11-11 16:02:16',NULL,'2016-11-11 16:02:16',NULL),(534,113,220,612,'T','2016-11-11 16:02:16',NULL,'2016-11-11 16:02:16',NULL),(535,47,221,621,'T','2016-11-11 16:11:47',NULL,'2016-11-11 16:11:47',NULL),(536,79,221,622,'T','2016-11-11 16:11:47',NULL,'2016-11-11 16:11:47',NULL),(537,47,81,623,'T','2016-11-11 16:11:47',NULL,'2016-11-11 16:11:47',NULL),(538,79,81,624,'T','2016-11-11 16:11:47',NULL,'2016-11-11 16:11:47',NULL),(539,47,222,625,'T','2016-11-11 16:11:47',NULL,'2016-11-11 16:11:47',NULL),(540,79,222,626,'T','2016-11-11 16:11:47',NULL,'2016-11-11 16:11:47',NULL),(541,47,223,627,'T','2016-11-11 16:11:47',NULL,'2016-11-11 16:11:47',NULL),(542,79,223,628,'T','2016-11-11 16:11:47',NULL,'2016-11-11 16:11:47',NULL),(543,47,224,629,'T','2016-11-11 16:11:47',NULL,'2016-11-11 16:11:47',NULL),(544,79,224,630,'T','2016-11-11 16:11:47',NULL,'2016-11-11 16:11:47',NULL),(545,47,225,631,'T','2016-11-11 16:11:47',NULL,'2016-11-11 16:11:47',NULL),(546,79,225,632,'T','2016-11-11 16:11:47',NULL,'2016-11-11 16:11:47',NULL),(547,47,226,633,'T','2016-11-11 16:11:47',NULL,'2016-11-11 16:11:47',NULL),(548,79,226,634,'T','2016-11-11 16:11:47',NULL,'2016-11-11 16:11:47',NULL),(549,35,222,635,'T','2016-11-11 16:13:11',NULL,'2016-11-11 16:13:11',NULL),(550,35,227,636,'T','2016-11-11 16:13:11',NULL,'2016-11-11 16:13:11',NULL),(551,47,227,637,'T','2016-11-11 16:13:11',NULL,'2016-11-11 16:13:11',NULL),(552,35,81,638,'T','2016-11-11 16:13:11',NULL,'2016-11-11 16:13:11',NULL),(553,35,224,639,'T','2016-11-11 16:13:11',NULL,'2016-11-11 16:13:11',NULL),(554,114,228,640,'T','2016-11-11 16:14:33',NULL,'2016-11-11 16:14:33',NULL),(555,115,229,641,'T','2016-11-11 16:14:33',NULL,'2016-11-11 16:14:33',NULL),(556,116,226,660,'T','2016-11-11 17:41:30',NULL,'2016-11-11 17:41:30',NULL),(557,117,226,661,'T','2016-11-11 17:41:30',NULL,'2016-11-11 17:41:30',NULL),(558,116,81,662,'T','2016-11-11 17:41:30',NULL,'2016-11-11 17:41:30',NULL),(559,117,81,663,'T','2016-11-11 17:41:30',NULL,'2016-11-11 17:41:30',NULL),(560,116,230,664,'T','2016-11-11 17:41:30',NULL,'2016-11-11 17:41:30',NULL),(561,117,231,665,'T','2016-11-11 17:41:30',NULL,'2016-11-11 17:41:30',NULL),(562,118,5,674,'T','2016-11-11 17:44:51',NULL,'2016-11-11 17:44:51',NULL),(563,118,6,675,'T','2016-11-11 17:44:51',NULL,'2016-11-11 17:44:51',NULL),(564,118,8,676,'T','2016-11-11 17:44:51',NULL,'2016-11-11 17:44:51',NULL),(565,118,9,677,'T','2016-11-11 17:44:51',NULL,'2016-11-11 17:44:51',NULL),(566,118,10,678,'T','2016-11-11 17:44:51',NULL,'2016-11-11 17:44:51',NULL),(567,118,11,679,'T','2016-11-11 17:44:51',NULL,'2016-11-11 17:44:51',NULL),(568,118,12,680,'T','2016-11-11 17:44:51',NULL,'2016-11-11 17:44:51',NULL),(569,118,13,681,'T','2016-11-11 17:44:51',NULL,'2016-11-11 17:44:51',NULL),(570,118,14,682,'T','2016-11-11 17:44:51',NULL,'2016-11-11 17:44:51',NULL),(571,118,15,683,'T','2016-11-11 17:44:51',NULL,'2016-11-11 17:44:51',NULL),(572,118,1,684,'T','2016-11-11 17:44:51',NULL,'2016-11-11 17:44:51',NULL),(573,118,16,685,'T','2016-11-11 17:44:51',NULL,'2016-11-11 17:44:51',NULL),(574,118,17,686,'T','2016-11-11 17:44:51',NULL,'2016-11-11 17:44:51',NULL),(575,118,18,687,'T','2016-11-11 17:44:51',NULL,'2016-11-11 17:44:51',NULL),(576,118,19,688,'T','2016-11-11 17:44:51',NULL,'2016-11-11 17:44:51',NULL),(577,118,20,689,'T','2016-11-11 17:44:51',NULL,'2016-11-11 17:44:51',NULL),(578,118,232,690,'T','2016-11-11 17:44:51',NULL,'2016-11-11 17:44:51',NULL);
/*!40000 ALTER TABLE `listings` ENABLE KEYS */;
UNLOCK TABLES;

--
-- Table structure for table `point`
--

DROP TABLE IF EXISTS `point`;
/*!40101 SET @saved_cs_client     = @@character_set_client */;
/*!40101 SET character_set_client = utf8 */;
CREATE TABLE `point` (
  `id` int(11) NOT NULL AUTO_INCREMENT,
  `property` varchar(255) DEFAULT NULL,
  `is_active` char(1) DEFAULT NULL,
  `created_on` datetime DEFAULT NULL,
  `created_by` int(11) DEFAULT NULL,
  `modified_on` datetime DEFAULT NULL,
  `modified_by` int(11) DEFAULT NULL,
  PRIMARY KEY (`id`),
  UNIQUE KEY `property` (`property`),
  KEY `created_by__idx` (`created_by`),
  KEY `modified_by__idx` (`modified_by`),
  CONSTRAINT `point_ibfk_1` FOREIGN KEY (`created_by`) REFERENCES `auth_user` (`id`) ON DELETE CASCADE,
  CONSTRAINT `point_ibfk_2` FOREIGN KEY (`modified_by`) REFERENCES `auth_user` (`id`) ON DELETE CASCADE
) ENGINE=InnoDB AUTO_INCREMENT=233 DEFAULT CHARSET=utf8;
/*!40101 SET character_set_client = @saved_cs_client */;

--
-- Dumping data for table `point`
--

LOCK TABLES `point` WRITE;
/*!40000 ALTER TABLE `point` DISABLE KEYS */;
INSERT INTO `point` VALUES (1,'capital','T','2016-10-14 01:04:58',NULL,'2016-10-14 01:04:58',NULL),(2,'ccy','T','2016-10-14 01:05:19',NULL,'2016-10-14 01:05:19',NULL),(5,'conventionalLongName','T','2016-11-07 01:29:39',NULL,'2016-11-07 01:29:39',NULL),(6,'leaderName','T','2016-11-07 01:29:39',NULL,'2016-11-07 01:29:39',NULL),(7,'populationEstimate','T','2016-11-07 01:29:39',NULL,'2016-11-07 01:29:39',NULL),(8,'establishedDate','T','2016-11-07 01:29:39',NULL,'2016-11-07 01:29:39',NULL),(9,'demonym','T','2016-11-07 01:29:39',NULL,'2016-11-07 01:29:39',NULL),(10,'timeZone','T','2016-11-07 01:29:39',NULL,'2016-11-07 01:29:39',NULL),(11,'commonName','T','2016-11-07 01:29:39',NULL,'2016-11-07 01:29:39',NULL),(12,'areaKm','T','2016-11-07 01:29:39',NULL,'2016-11-07 01:29:39',NULL),(13,'currency','T','2016-11-07 01:29:39',NULL,'2016-11-07 01:29:39',NULL),(14,'nationalAnthem','T','2016-11-07 01:29:39',NULL,'2016-11-07 01:29:39',NULL),(15,'areaSqMi','T','2016-11-07 01:29:39',NULL,'2016-11-07 01:29:39',NULL),(16,'leaderTitle','T','2016-11-07 01:29:39',NULL,'2016-11-07 01:29:39',NULL),(17,'nativeName','T','2016-11-07 01:29:39',NULL,'2016-11-07 01:29:39',NULL),(18,'governmentType','T','2016-11-07 01:29:39',NULL,'2016-11-07 01:29:39',NULL),(19,'imageFlag','T','2016-11-07 01:29:39',NULL,'2016-11-07 01:29:39',NULL),(20,'officialLanguages','T','2016-11-07 01:29:39',NULL,'2016-11-07 01:29:39',NULL),(21,'percentWater','T','2016-11-07 01:40:34',NULL,'2016-11-07 01:40:34',NULL),(22,'populationDensityKm','T','2016-11-07 01:42:42',NULL,'2016-11-07 01:42:42',NULL),(23,'populationDensitySqMi','T','2016-11-07 01:42:42',NULL,'2016-11-07 01:42:42',NULL),(24,'video-indonesia','T','2016-11-07 02:07:08',NULL,'2016-11-07 02:07:08',NULL),(25,'video-italy','T','2016-11-07 02:07:08',NULL,'2016-11-07 02:07:08',NULL),(26,'video-india','T','2016-11-07 03:12:07',NULL,'2016-11-07 03:12:07',NULL),(27,'video-usa','T','2016-11-07 03:44:27',NULL,'2016-11-07 03:44:27',NULL),(28,'status','T','2016-11-07 03:45:46',NULL,'2016-11-07 03:45:46',NULL),(29,'ordo','T','2016-11-07 03:45:46',NULL,'2016-11-07 03:45:46',NULL),(30,'statusSystem','T','2016-11-07 03:45:46',NULL,'2016-11-07 03:45:46',NULL),(31,'regnum','T','2016-11-07 03:45:46',NULL,'2016-11-07 03:45:46',NULL),(32,'synonyms','T','2016-11-07 03:45:46',NULL,'2016-11-07 03:45:46',NULL),(33,'phylum','T','2016-11-07 03:45:46',NULL,'2016-11-07 03:45:46',NULL),(34,'familia','T','2016-11-07 03:45:46',NULL,'2016-11-07 03:45:46',NULL),(35,'classis','T','2016-11-07 03:45:46',NULL,'2016-11-07 03:45:46',NULL),(36,'genus','T','2016-11-07 03:45:46',NULL,'2016-11-07 03:45:46',NULL),(37,'video-lion','T','2016-11-07 03:45:46',NULL,'2016-11-07 03:45:46',NULL),(38,'video-tiger','T','2016-11-07 03:45:46',NULL,'2016-11-07 03:45:46',NULL),(39,'video-iran','T','2016-11-07 03:54:44',NULL,'2016-11-07 03:54:44',NULL),(79,'mouthElevation','T','2016-11-07 10:00:33',NULL,'2016-11-07 10:00:33',NULL),(80,'city','T','2016-11-07 10:00:33',NULL,'2016-11-07 10:00:33',NULL),(81,'name','T','2016-11-07 10:00:33',NULL,'2016-11-07 10:00:33',NULL),(82,'mouthElevationImperial','T','2016-11-07 10:00:33',NULL,'2016-11-07 10:00:33',NULL),(83,'sourceName','T','2016-11-07 10:00:33',NULL,'2016-11-07 10:00:33',NULL),(84,'tributaryRight','T','2016-11-07 10:00:33',NULL,'2016-11-07 10:00:33',NULL),(85,'tributaryLeft','T','2016-11-07 10:00:33',NULL,'2016-11-07 10:00:33',NULL),(86,'dischargeAverage','T','2016-11-07 10:00:33',NULL,'2016-11-07 10:00:33',NULL),(87,'mouthLocation','T','2016-11-07 10:00:33',NULL,'2016-11-07 10:00:33',NULL),(88,'state','T','2016-11-07 10:00:33',NULL,'2016-11-07 10:00:33',NULL),(89,'sourceElevation','T','2016-11-07 10:00:33',NULL,'2016-11-07 10:00:33',NULL),(90,'sourceCountry','T','2016-11-07 10:00:33',NULL,'2016-11-07 10:00:33',NULL),(91,'sourceLocation','T','2016-11-07 10:00:33',NULL,'2016-11-07 10:00:33',NULL),(92,'video-ganges','T','2016-11-07 10:00:33',NULL,'2016-11-07 10:00:33',NULL),(93,'video-kaveri','T','2016-11-07 10:00:33',NULL,'2016-11-07 10:00:33',NULL),(94,'video-drdo','T','2016-11-07 10:01:56',NULL,'2016-11-07 10:01:56',NULL),(95,'video-isro','T','2016-11-07 10:01:56',NULL,'2016-11-07 10:01:56',NULL),(96,'country','T','2016-11-07 10:02:29',NULL,'2016-11-07 10:02:29',NULL),(97,'mainIngredient','T','2016-11-07 10:02:29',NULL,'2016-11-07 10:02:29',NULL),(98,'video-pasta','T','2016-11-07 10:02:29',NULL,'2016-11-07 10:02:29',NULL),(99,'video-pizza','T','2016-11-07 10:02:29',NULL,'2016-11-07 10:02:29',NULL),(100,'video-cia','T','2016-11-07 10:04:27',NULL,'2016-11-07 10:04:27',NULL),(101,'video-raw','T','2016-11-07 10:04:27',NULL,'2016-11-07 10:04:27',NULL),(102,'video-facebook','T','2016-11-07 10:04:57',NULL,'2016-11-07 10:04:57',NULL),(103,'video-linkedin','T','2016-11-07 10:04:57',NULL,'2016-11-07 10:04:57',NULL),(104,'video-uri','T','2016-11-07 10:05:20',NULL,'2016-11-07 10:05:20',NULL),(105,'video-url','T','2016-11-07 10:05:20',NULL,'2016-11-07 10:05:20',NULL),(106,'video-nile','T','2016-11-07 10:06:57',NULL,'2016-11-07 10:06:57',NULL),(107,'video-sowparnika','T','2016-11-07 10:06:57',NULL,'2016-11-07 10:06:57',NULL),(108,'video-indian_army','T','2016-11-07 10:07:33',NULL,'2016-11-07 10:07:33',NULL),(109,'video-pakistan_army','T','2016-11-07 10:07:33',NULL,'2016-11-07 10:07:33',NULL),(110,'video-cat','T','2016-11-07 10:08:03',NULL,'2016-11-07 10:08:03',NULL),(111,'video-dog','T','2016-11-07 10:08:03',NULL,'2016-11-07 10:08:03',NULL),(112,'largestCity','T','2016-11-07 10:08:29',NULL,'2016-11-07 10:08:29',NULL),(113,'video-china','T','2016-11-07 10:08:29',NULL,'2016-11-07 10:08:29',NULL),(114,'mouthCountry','T','2016-11-07 10:49:55',NULL,'2016-11-07 10:49:55',NULL),(115,'video-apple','T','2016-11-07 13:00:27',NULL,'2016-11-07 13:00:27',NULL),(116,'video-google','T','2016-11-07 13:00:27',NULL,'2016-11-07 13:00:27',NULL),(117,'video-java','T','2016-11-07 13:00:54',NULL,'2016-11-07 13:00:54',NULL),(118,'video-python','T','2016-11-07 13:00:54',NULL,'2016-11-07 13:00:54',NULL),(119,'video-france','T','2016-11-07 13:01:18',NULL,'2016-11-07 13:01:18',NULL),(120,'video-germany','T','2016-11-07 13:01:18',NULL,'2016-11-07 13:01:18',NULL),(121,'video-australia','T','2016-11-07 15:56:56',NULL,'2016-11-07 15:56:56',NULL),(122,'video-pizz','T','2016-11-07 15:57:13',NULL,'2016-11-07 15:57:13',NULL),(123,'video-c','T','2016-11-07 15:58:04',NULL,'2016-11-07 15:58:04',NULL),(124,'video-c++','T','2016-11-07 15:58:04',NULL,'2016-11-07 15:58:04',NULL),(125,'latestReleaseVersion','T','2016-11-07 15:58:15',NULL,'2016-11-07 15:58:15',NULL),(126,'influenced','T','2016-11-07 15:58:15',NULL,'2016-11-07 15:58:15',NULL),(127,'designer','T','2016-11-07 15:58:15',NULL,'2016-11-07 15:58:15',NULL),(128,'influencedBy','T','2016-11-07 15:58:15',NULL,'2016-11-07 15:58:15',NULL),(129,'video-perl','T','2016-11-07 15:58:15',NULL,'2016-11-07 15:58:15',NULL),(130,'video-ruby','T','2016-11-07 16:00:12',NULL,'2016-11-07 16:00:12',NULL),(131,'video-rust','T','2016-11-07 16:00:33',NULL,'2016-11-07 16:00:33',NULL),(132,'video-data mining','T','2016-11-07 16:01:02',NULL,'2016-11-07 16:01:02',NULL),(133,'video-machine learning','T','2016-11-07 16:01:02',NULL,'2016-11-07 16:01:02',NULL),(134,'video-data warehousing','T','2016-11-07 16:01:14',NULL,'2016-11-07 16:01:14',NULL),(135,'video-krishna','T','2016-11-07 16:01:28',NULL,'2016-11-07 16:01:28',NULL),(136,'video-krishna_river','T','2016-11-07 16:01:52',NULL,'2016-11-07 16:01:52',NULL),(137,'video-dosa','T','2016-11-07 16:03:40',NULL,'2016-11-07 16:03:40',NULL),(138,'video-idli','T','2016-11-07 16:03:40',NULL,'2016-11-07 16:03:40',NULL),(139,'video-puri','T','2016-11-07 16:04:14',NULL,'2016-11-07 16:04:14',NULL),(140,'img','T','2016-11-09 11:32:50',NULL,'2016-11-09 11:32:50',NULL),(141,'video-apple_inc','T','2016-11-09 12:01:07',NULL,'2016-11-09 12:01:07',NULL),(142,'video-elephant','T','2016-11-09 12:04:14',NULL,'2016-11-09 12:04:14',NULL),(143,'video-giraffe','T','2016-11-09 12:04:14',NULL,'2016-11-09 12:04:14',NULL),(144,'video-deer','T','2016-11-09 12:04:07',NULL,'2016-11-09 12:04:07',NULL),(145,'subphylum','T','2016-11-09 12:05:33',NULL,'2016-11-09 12:05:33',NULL),(146,'video-parrot','T','2016-11-09 12:05:43',NULL,'2016-11-09 12:05:43',NULL),(147,'video-pigeon','T','2016-11-09 12:05:43',NULL,'2016-11-09 12:05:43',NULL),(148,'video-sparrow','T','2016-11-09 12:05:58',NULL,'2016-11-09 12:05:58',NULL),(149,'video-cuckoo','T','2016-11-09 12:06:32',NULL,'2016-11-09 12:06:32',NULL),(150,'video-peacock','T','2016-11-09 12:06:44',NULL,'2016-11-09 12:06:44',NULL),(151,'video-hyena','T','2016-11-09 12:07:25',NULL,'2016-11-09 12:07:25',NULL),(152,'video-bus','T','2016-11-09 12:08:40',NULL,'2016-11-09 12:08:40',NULL),(153,'video-train','T','2016-11-09 12:08:40',NULL,'2016-11-09 12:08:40',NULL),(154,'video-ibm','T','2016-11-09 12:09:02',NULL,'2016-11-09 12:09:02',NULL),(155,'elevationM','T','2016-11-09 12:20:10',NULL,'2016-11-09 12:20:10',NULL),(156,'website','T','2016-11-09 12:20:10',NULL,'2016-11-09 12:20:10',NULL),(157,'areaMetroKm','T','2016-11-09 12:20:10',NULL,'2016-11-09 12:20:10',NULL),(158,'areaCode','T','2016-11-09 12:20:10',NULL,'2016-11-09 12:20:10',NULL),(159,'populationTotal','T','2016-11-09 12:20:10',NULL,'2016-11-09 12:20:10',NULL),(160,'areaTotalKm','T','2016-11-09 12:20:10',NULL,'2016-11-09 12:20:10',NULL),(161,'populationRank','T','2016-11-09 12:20:10',NULL,'2016-11-09 12:20:10',NULL),(162,'utcOffset','T','2016-11-09 12:20:10',NULL,'2016-11-09 12:20:10',NULL),(163,'subdivisionName','T','2016-11-09 12:20:10',NULL,'2016-11-09 12:20:10',NULL),(164,'settlementType','T','2016-11-09 12:20:10',NULL,'2016-11-09 12:20:10',NULL),(165,'postalCode','T','2016-11-09 12:20:10',NULL,'2016-11-09 12:20:10',NULL),(166,'governingBody','T','2016-11-09 12:20:10',NULL,'2016-11-09 12:20:10',NULL),(167,'nickname','T','2016-11-09 12:20:10',NULL,'2016-11-09 12:20:10',NULL),(168,'populationMetro','T','2016-11-09 12:20:10',NULL,'2016-11-09 12:20:10',NULL),(169,'video-hyderabad','T','2016-11-09 12:20:10',NULL,'2016-11-09 12:20:10',NULL),(170,'video-mumbai','T','2016-11-09 12:20:10',NULL,'2016-11-09 12:20:10',NULL),(171,'video-new delhi','T','2016-11-09 12:20:34',NULL,'2016-11-09 12:20:34',NULL),(172,'video-delhi','T','2016-11-09 12:20:47',NULL,'2016-11-09 12:20:47',NULL),(173,'video-london','T','2016-11-09 12:21:38',NULL,'2016-11-09 12:21:38',NULL),(174,'video-paris','T','2016-11-09 12:22:20',NULL,'2016-11-09 12:22:20',NULL),(175,'video-new york','T','2016-11-09 12:22:50',NULL,'2016-11-09 12:22:50',NULL),(176,'video-california','T','2016-11-09 12:23:07',NULL,'2016-11-09 12:23:07',NULL),(177,'video-bejing','T','2016-11-09 12:23:24',NULL,'2016-11-09 12:23:24',NULL),(178,'founder','T','2016-11-09 12:24:11',NULL,'2016-11-09 12:24:11',NULL),(179,'video-jaipur','T','2016-11-09 12:24:11',NULL,'2016-11-09 12:24:11',NULL),(180,'video-chennai','T','2016-11-09 12:24:19',NULL,'2016-11-09 12:24:19',NULL),(183,'video-sydney','T','2016-11-09 12:26:52',NULL,'2016-11-09 12:26:52',NULL),(184,'video-pakistan','T','2016-11-11 15:02:36',NULL,'2016-11-11 15:02:36',NULL),(185,'video-vada','T','2016-11-11 15:05:46',NULL,'2016-11-11 15:05:46',NULL),(188,'video-carnatic_music','T','2016-11-11 15:14:24',NULL,'2016-11-11 15:14:24',NULL),(189,'video-hindustani_classical_music','T','2016-11-11 15:14:24',NULL,'2016-11-11 15:14:24',NULL),(190,'video-sanskrit','T','2016-11-11 15:15:52',NULL,'2016-11-11 15:15:52',NULL),(191,'video-telugu','T','2016-11-11 15:15:52',NULL,'2016-11-11 15:15:52',NULL),(192,'states','T','2016-11-11 15:16:37',NULL,'2016-11-11 15:16:37',NULL),(193,'agency','T','2016-11-11 15:16:37',NULL,'2016-11-11 15:16:37',NULL),(194,'iso','T','2016-11-11 15:16:37',NULL,'2016-11-11 15:16:37',NULL),(195,'fam','T','2016-11-11 15:16:37',NULL,'2016-11-11 15:16:37',NULL),(196,'video-hindi','T','2016-11-11 15:16:37',NULL,'2016-11-11 15:16:37',NULL),(197,'video-urdu','T','2016-11-11 15:16:37',NULL,'2016-11-11 15:16:37',NULL),(198,'video-java_(programming_languge)','T','2016-11-11 15:20:22',NULL,'2016-11-11 15:20:22',NULL),(199,'video-java_(programming_language)','T','2016-11-11 15:21:24',NULL,'2016-11-11 15:21:24',NULL),(200,'video-kannada','T','2016-11-11 15:23:07',NULL,'2016-11-11 15:23:07',NULL),(201,'license','T','2016-11-11 15:23:26',NULL,'2016-11-11 15:23:26',NULL),(202,'developer','T','2016-11-11 15:23:26',NULL,'2016-11-11 15:23:26',NULL),(203,'video-python_(programming_language)','T','2016-11-11 15:23:26',NULL,'2016-11-11 15:23:26',NULL),(204,'video-ruby_(programming_language)','T','2016-11-11 15:23:26',NULL,'2016-11-11 15:23:26',NULL),(205,'range','T','2016-11-11 15:30:39',NULL,'2016-11-11 15:30:39',NULL),(206,'firstAscent','T','2016-11-11 15:30:39',NULL,'2016-11-11 15:30:39',NULL),(207,'prominenceM','T','2016-11-11 15:30:39',NULL,'2016-11-11 15:30:39',NULL),(208,'video-k2','T','2016-11-11 15:30:39',NULL,'2016-11-11 15:30:39',NULL),(209,'video-kangchenjunga','T','2016-11-11 15:30:39',NULL,'2016-11-11 15:30:39',NULL),(210,'birthPlace','T','2016-11-11 15:36:36',NULL,'2016-11-11 15:36:36',NULL),(211,'residence','T','2016-11-11 15:36:36',NULL,'2016-11-11 15:36:36',NULL),(212,'birthDate','T','2016-11-11 15:36:36',NULL,'2016-11-11 15:36:36',NULL),(213,'birthName','T','2016-11-11 15:36:36',NULL,'2016-11-11 15:36:36',NULL),(214,'nationality','T','2016-11-11 15:36:36',NULL,'2016-11-11 15:36:36',NULL),(215,'occupation','T','2016-11-11 15:36:36',NULL,'2016-11-11 15:36:36',NULL),(216,'video-salman_khan','T','2016-11-11 15:36:36',NULL,'2016-11-11 15:36:36',NULL),(217,'video-shah_rukh_khan','T','2016-11-11 15:36:36',NULL,'2016-11-11 15:36:36',NULL),(218,'yearsActive','T','2016-11-11 16:02:16',NULL,'2016-11-11 16:02:16',NULL),(219,'spouse','T','2016-11-11 16:02:16',NULL,'2016-11-11 16:02:16',NULL),(220,'video-aamir_khan','T','2016-11-11 16:02:16',NULL,'2016-11-11 16:02:16',NULL),(221,'foundation','T','2016-11-11 16:11:47',NULL,'2016-11-11 16:11:47',NULL),(222,'industry','T','2016-11-11 16:11:47',NULL,'2016-11-11 16:11:47',NULL),(223,'products','T','2016-11-11 16:11:47',NULL,'2016-11-11 16:11:47',NULL),(224,'keyPeople','T','2016-11-11 16:11:47',NULL,'2016-11-11 16:11:47',NULL),(225,'locationCity','T','2016-11-11 16:11:47',NULL,'2016-11-11 16:11:47',NULL),(226,'type','T','2016-11-11 16:11:47',NULL,'2016-11-11 16:11:47',NULL),(227,'subsid','T','2016-11-11 16:13:11',NULL,'2016-11-11 16:13:11',NULL),(228,'video-aishwarya_rai','T','2016-11-11 16:14:33',NULL,'2016-11-11 16:14:33',NULL),(229,'video-priyanka_chopra','T','2016-11-11 16:14:33',NULL,'2016-11-11 16:14:33',NULL),(230,'video-iphone','T','2016-11-11 17:41:30',NULL,'2016-11-11 17:41:30',NULL),(231,'video-samsung','T','2016-11-11 17:41:30',NULL,'2016-11-11 17:41:30',NULL),(232,'video-nepal','T','2016-11-11 17:44:51',NULL,'2016-11-11 17:44:51',NULL);
/*!40000 ALTER TABLE `point` ENABLE KEYS */;
UNLOCK TABLES;

--
-- Table structure for table `popular`
--

DROP TABLE IF EXISTS `popular`;
/*!40101 SET @saved_cs_client     = @@character_set_client */;
/*!40101 SET character_set_client = utf8 */;
CREATE TABLE `popular` (
  `id` int(11) NOT NULL AUTO_INCREMENT,
  `thing1` int(11) DEFAULT NULL,
  `thing2` int(11) DEFAULT NULL,
  `hits` int(11) DEFAULT NULL,
  `last_accessed` datetime DEFAULT NULL,
  `is_active` char(1) DEFAULT NULL,
  `created_on` datetime DEFAULT NULL,
  `created_by` int(11) DEFAULT NULL,
  `modified_on` datetime DEFAULT NULL,
  `modified_by` int(11) DEFAULT NULL,
  PRIMARY KEY (`id`),
  KEY `thing1__idx` (`thing1`),
  KEY `thing2__idx` (`thing2`),
  KEY `created_by__idx` (`created_by`),
  KEY `modified_by__idx` (`modified_by`),
  CONSTRAINT `popular_ibfk_1` FOREIGN KEY (`thing1`) REFERENCES `thing` (`id`) ON DELETE CASCADE,
  CONSTRAINT `popular_ibfk_2` FOREIGN KEY (`thing2`) REFERENCES `thing` (`id`) ON DELETE CASCADE,
  CONSTRAINT `popular_ibfk_3` FOREIGN KEY (`created_by`) REFERENCES `auth_user` (`id`) ON DELETE CASCADE,
  CONSTRAINT `popular_ibfk_4` FOREIGN KEY (`modified_by`) REFERENCES `auth_user` (`id`) ON DELETE CASCADE
) ENGINE=InnoDB AUTO_INCREMENT=89 DEFAULT CHARSET=utf8;
/*!40101 SET character_set_client = @saved_cs_client */;

--
-- Dumping data for table `popular`
--

LOCK TABLES `popular` WRITE;
/*!40000 ALTER TABLE `popular` DISABLE KEYS */;
INSERT INTO `popular` VALUES (2,10,11,16,'2016-11-11 15:33:49','T','2016-11-07 01:29:39',NULL,'2016-11-11 15:33:49',NULL),(3,10,14,2,'2016-11-07 03:44:27','T','2016-11-07 01:40:17',NULL,'2016-11-07 03:44:27',NULL),(4,10,15,30,'2016-11-11 17:39:34','T','2016-11-07 01:40:34',NULL,'2016-11-11 17:39:34',NULL),(6,11,15,24,'2016-11-09 11:36:59','T','2016-11-07 01:42:42',NULL,'2016-11-09 11:36:46',NULL),(8,18,19,1,'2016-11-07 03:45:46','T','2016-11-07 03:45:46',NULL,'2016-11-07 03:45:46',NULL),(9,10,20,5,'2016-11-07 09:56:48','T','2016-11-07 03:54:44',NULL,'2016-11-07 09:56:47',NULL),(13,27,28,2,'2016-11-07 10:00:48','T','2016-11-07 10:00:33',NULL,'2016-11-07 10:00:48',NULL),(14,29,30,1,'2016-11-07 10:01:56','T','2016-11-07 10:01:56',NULL,'2016-11-07 10:01:56',NULL),(15,31,32,3,'2016-11-11 15:08:55','T','2016-11-07 10:02:29',NULL,'2016-11-11 15:08:55',NULL),(16,33,34,3,'2016-11-09 11:47:20','T','2016-11-07 10:04:27',NULL,'2016-11-09 11:47:18',NULL),(17,35,36,5,'2016-11-09 11:51:51','T','2016-11-07 10:04:57',NULL,'2016-11-09 11:51:46',NULL),(18,37,38,2,'2016-11-09 11:47:43','T','2016-11-07 10:05:20',NULL,'2016-11-09 11:47:41',NULL),(19,39,40,2,'2016-11-07 10:49:40','T','2016-11-07 10:06:57',NULL,'2016-11-07 10:49:40',NULL),(20,41,42,1,'2016-11-07 10:07:34','T','2016-11-07 10:07:33',NULL,'2016-11-07 10:07:33',NULL),(21,43,44,3,'2016-11-11 15:08:22','T','2016-11-07 10:08:03',NULL,'2016-11-11 15:08:22',NULL),(22,10,45,4,'2016-11-09 12:04:29','T','2016-11-07 10:08:29',NULL,'2016-11-09 12:03:47',NULL),(23,27,39,67,'2016-11-11 17:37:58','T','2016-11-07 10:49:55',NULL,'2016-11-11 17:37:57',NULL),(24,46,47,2,'2016-11-09 12:00:53','T','2016-11-07 13:00:27',NULL,'2016-11-09 12:00:41',NULL),(25,48,49,3,'2016-11-09 12:08:26','T','2016-11-07 13:00:54',NULL,'2016-11-09 12:08:23',NULL),(26,50,51,1,'2016-11-07 13:01:18','T','2016-11-07 13:01:18',NULL,'2016-11-07 13:01:18',NULL),(27,10,52,1,'2016-11-07 15:56:56','T','2016-11-07 15:56:56',NULL,'2016-11-07 15:56:56',NULL),(28,31,53,1,'2016-11-07 15:57:13','T','2016-11-07 15:57:13',NULL,'2016-11-07 15:57:13',NULL),(29,54,55,1,'2016-11-07 15:58:04','T','2016-11-07 15:58:04',NULL,'2016-11-07 15:58:04',NULL),(30,55,56,14,'2016-11-09 12:19:39','T','2016-11-07 15:58:15',NULL,'2016-11-09 12:19:39',NULL),(31,56,57,1,'2016-11-07 16:00:12','T','2016-11-07 16:00:12',NULL,'2016-11-07 16:00:12',NULL),(32,56,58,1,'2016-11-07 16:00:33','T','2016-11-07 16:00:33',NULL,'2016-11-07 16:00:33',NULL),(33,59,60,1,'2016-11-07 16:01:02','T','2016-11-07 16:01:02',NULL,'2016-11-07 16:01:02',NULL),(34,59,61,1,'2016-11-07 16:01:14','T','2016-11-07 16:01:14',NULL,'2016-11-07 16:01:14',NULL),(35,28,62,1,'2016-11-07 16:01:28','T','2016-11-07 16:01:28',NULL,'2016-11-07 16:01:28',NULL),(36,28,63,1,'2016-11-07 16:01:52','T','2016-11-07 16:01:52',NULL,'2016-11-07 16:01:52',NULL),(37,28,39,1,'2016-11-07 16:02:50','T','2016-11-07 16:02:50',NULL,'2016-11-07 16:02:50',NULL),(38,64,65,1,'2016-11-07 16:03:40','T','2016-11-07 16:03:40',NULL,'2016-11-07 16:03:40',NULL),(39,64,66,1,'2016-11-07 16:04:14','T','2016-11-07 16:04:14',NULL,'2016-11-07 16:04:14',NULL),(40,47,67,2,'2016-11-09 12:01:43','T','2016-11-09 12:01:07',NULL,'2016-11-09 12:01:31',NULL),(41,10,51,1,'2016-11-09 12:01:40','T','2016-11-09 12:01:20',NULL,'2016-11-09 12:01:20',NULL),(42,48,55,2,'2016-11-11 15:26:07','T','2016-11-09 12:02:20',NULL,'2016-11-11 15:26:06',NULL),(43,57,58,1,'2016-11-09 12:03:46','T','2016-11-09 12:03:40',NULL,'2016-11-09 12:03:40',NULL),(44,68,69,2,'2016-11-11 15:29:41','T','2016-11-09 12:04:14',NULL,'2016-11-11 15:29:40',NULL),(45,18,70,1,'2016-11-09 12:05:02','T','2016-11-09 12:04:07',NULL,'2016-11-09 12:04:07',NULL),(46,19,68,1,'2016-11-09 12:05:38','T','2016-11-09 12:05:33',NULL,'2016-11-09 12:05:33',NULL),(47,71,72,2,'2016-11-09 12:06:14','T','2016-11-09 12:05:43',NULL,'2016-11-09 12:06:04',NULL),(48,71,73,1,'2016-11-09 12:06:10','T','2016-11-09 12:05:58',NULL,'2016-11-09 12:05:58',NULL),(49,71,74,2,'2016-11-09 12:07:08','T','2016-11-09 12:06:32',NULL,'2016-11-09 12:07:02',NULL),(50,71,75,1,'2016-11-09 12:06:49','T','2016-11-09 12:06:44',NULL,'2016-11-09 12:06:44',NULL),(51,71,76,1,'2016-11-09 12:07:34','T','2016-11-09 12:07:25',NULL,'2016-11-09 12:07:25',NULL),(52,77,78,1,'2016-11-09 12:08:45','T','2016-11-09 12:08:40',NULL,'2016-11-09 12:08:40',NULL),(53,47,79,3,'2016-11-11 17:41:06','T','2016-11-09 12:09:02',NULL,'2016-11-11 17:41:06',NULL),(56,27,40,1,'2016-11-09 12:12:33','T','2016-11-09 12:12:33',NULL,'2016-11-09 12:12:33',NULL),(57,80,81,1,'2016-11-09 12:20:11','T','2016-11-09 12:20:10',NULL,'2016-11-09 12:20:10',NULL),(58,80,82,1,'2016-11-09 12:20:34','T','2016-11-09 12:20:34',NULL,'2016-11-09 12:20:34',NULL),(59,80,83,1,'2016-11-09 12:20:47','T','2016-11-09 12:20:47',NULL,'2016-11-09 12:20:47',NULL),(60,83,84,1,'2016-11-09 12:21:38','T','2016-11-09 12:21:38',NULL,'2016-11-09 12:21:38',NULL),(61,83,85,1,'2016-11-09 12:22:20','T','2016-11-09 12:22:20',NULL,'2016-11-09 12:22:20',NULL),(62,83,86,1,'2016-11-09 12:22:51','T','2016-11-09 12:22:50',NULL,'2016-11-09 12:22:50',NULL),(63,83,87,1,'2016-11-09 12:23:07','T','2016-11-09 12:23:07',NULL,'2016-11-09 12:23:07',NULL),(64,83,88,1,'2016-11-09 12:23:24','T','2016-11-09 12:23:24',NULL,'2016-11-09 12:23:24',NULL),(65,80,89,1,'2016-11-09 12:24:11','T','2016-11-09 12:24:11',NULL,'2016-11-09 12:24:11',NULL),(66,80,90,1,'2016-11-09 12:24:19','T','2016-11-09 12:24:19',NULL,'2016-11-09 12:24:19',NULL),(68,83,93,1,'2016-11-09 12:26:52','T','2016-11-09 12:26:52',NULL,'2016-11-09 12:26:52',NULL),(69,10,94,2,'2016-11-11 15:42:13','T','2016-11-11 15:02:36',NULL,'2016-11-11 15:42:12',NULL),(70,65,95,1,'2016-11-11 15:05:47','T','2016-11-11 15:05:46',NULL,'2016-11-11 15:05:46',NULL),(72,98,99,2,'2016-11-11 15:15:21','T','2016-11-11 15:14:24',NULL,'2016-11-11 15:15:20',NULL),(73,100,101,1,'2016-11-11 15:15:53','T','2016-11-11 15:15:52',NULL,'2016-11-11 15:15:52',NULL),(74,102,103,3,'2016-11-11 17:43:02','T','2016-11-11 15:16:37',NULL,'2016-11-11 17:43:02',NULL),(75,55,104,2,'2016-11-11 15:21:07','T','2016-11-11 15:20:22',NULL,'2016-11-11 15:21:06',NULL),(76,55,105,3,'2016-11-11 16:15:58','T','2016-11-11 15:21:24',NULL,'2016-11-11 16:15:58',NULL),(77,101,106,1,'2016-11-11 15:23:08','T','2016-11-11 15:23:07',NULL,'2016-11-11 15:23:07',NULL),(78,107,108,1,'2016-11-11 15:23:27','T','2016-11-11 15:23:26',NULL,'2016-11-11 15:23:26',NULL),(79,81,83,1,'2016-11-11 15:25:45','T','2016-11-11 15:25:44',NULL,'2016-11-11 15:25:44',NULL),(80,109,110,1,'2016-11-11 15:30:39','T','2016-11-11 15:30:39',NULL,'2016-11-11 15:30:39',NULL),(81,111,112,4,'2016-11-11 16:00:57','T','2016-11-11 15:36:36',NULL,'2016-11-11 16:00:57',NULL),(82,112,113,10,'2016-11-11 17:39:45','T','2016-11-11 16:02:16',NULL,'2016-11-11 17:39:45',NULL),(83,35,47,2,'2016-11-11 17:41:18','T','2016-11-11 16:13:11',NULL,'2016-11-11 17:41:18',NULL),(84,114,115,1,'2016-11-11 16:14:34','T','2016-11-11 16:14:33',NULL,'2016-11-11 16:14:33',NULL),(85,49,105,1,'2016-11-11 16:15:48','T','2016-11-11 16:15:48',NULL,'2016-11-11 16:15:48',NULL),(86,55,108,3,'2016-11-11 17:42:10','T','2016-11-11 17:17:25',NULL,'2016-11-11 17:42:10',NULL),(87,116,117,1,'2016-11-11 17:41:31','T','2016-11-11 17:41:30',NULL,'2016-11-11 17:41:30',NULL),(88,10,118,1,'2016-11-11 17:44:51','T','2016-11-11 17:44:51',NULL,'2016-11-11 17:44:51',NULL);
/*!40000 ALTER TABLE `popular` ENABLE KEYS */;
UNLOCK TABLES;

--
-- Table structure for table `recents`
--

DROP TABLE IF EXISTS `recents`;
/*!40101 SET @saved_cs_client     = @@character_set_client */;
/*!40101 SET character_set_client = utf8 */;
CREATE TABLE `recents` (
  `id` int(11) NOT NULL AUTO_INCREMENT,
  `thing1` int(11) DEFAULT NULL,
  `thing2` int(11) DEFAULT NULL,
  `last_accessed` datetime DEFAULT NULL,
  `is_active` char(1) DEFAULT NULL,
  `created_on` datetime DEFAULT NULL,
  `created_by` int(11) DEFAULT NULL,
  `modified_on` datetime DEFAULT NULL,
  `modified_by` int(11) DEFAULT NULL,
  PRIMARY KEY (`id`),
  KEY `thing1__idx` (`thing1`),
  KEY `thing2__idx` (`thing2`),
  KEY `created_by__idx` (`created_by`),
  KEY `modified_by__idx` (`modified_by`),
  CONSTRAINT `recents_ibfk_1` FOREIGN KEY (`thing1`) REFERENCES `thing` (`id`) ON DELETE CASCADE,
  CONSTRAINT `recents_ibfk_2` FOREIGN KEY (`thing2`) REFERENCES `thing` (`id`) ON DELETE CASCADE,
  CONSTRAINT `recents_ibfk_3` FOREIGN KEY (`created_by`) REFERENCES `auth_user` (`id`) ON DELETE CASCADE,
  CONSTRAINT `recents_ibfk_4` FOREIGN KEY (`modified_by`) REFERENCES `auth_user` (`id`) ON DELETE CASCADE
) ENGINE=InnoDB AUTO_INCREMENT=90 DEFAULT CHARSET=utf8;
/*!40101 SET character_set_client = @saved_cs_client */;

--
-- Dumping data for table `recents`
--

LOCK TABLES `recents` WRITE;
/*!40000 ALTER TABLE `recents` DISABLE KEYS */;
INSERT INTO `recents` VALUES (2,10,11,'2016-11-11 15:33:49','T','2016-11-07 01:29:39',NULL,'2016-11-11 15:33:49',NULL),(4,10,15,'2016-11-11 17:39:34','T','2016-11-07 01:40:34',NULL,'2016-11-11 17:39:34',NULL),(6,11,15,'2016-11-09 11:36:59','T','2016-11-07 01:42:42',NULL,'2016-11-09 11:36:46',NULL),(8,10,14,'2016-11-07 03:44:27','T','2016-11-07 03:44:27',NULL,'2016-11-07 03:44:27',NULL),(9,18,19,'2016-11-07 03:45:46','T','2016-11-07 03:45:46',NULL,'2016-11-07 03:45:46',NULL),(10,10,20,'2016-11-07 09:56:48','T','2016-11-07 03:54:44',NULL,'2016-11-07 09:56:47',NULL),(14,27,28,'2016-11-07 10:00:48','T','2016-11-07 10:00:33',NULL,'2016-11-07 10:00:48',NULL),(15,29,30,'2016-11-07 10:01:56','T','2016-11-07 10:01:56',NULL,'2016-11-07 10:01:56',NULL),(16,31,32,'2016-11-11 15:08:55','T','2016-11-07 10:02:29',NULL,'2016-11-11 15:08:55',NULL),(17,33,34,'2016-11-09 11:47:20','T','2016-11-07 10:04:27',NULL,'2016-11-09 11:47:18',NULL),(18,35,36,'2016-11-09 11:51:51','T','2016-11-07 10:04:57',NULL,'2016-11-09 11:51:46',NULL),(19,37,38,'2016-11-09 11:47:43','T','2016-11-07 10:05:20',NULL,'2016-11-09 11:47:41',NULL),(20,39,40,'2016-11-07 10:49:40','T','2016-11-07 10:06:57',NULL,'2016-11-07 10:49:40',NULL),(21,41,42,'2016-11-07 10:07:34','T','2016-11-07 10:07:33',NULL,'2016-11-07 10:07:33',NULL),(22,43,44,'2016-11-11 15:08:22','T','2016-11-07 10:08:03',NULL,'2016-11-11 15:08:22',NULL),(23,10,45,'2016-11-09 12:04:29','T','2016-11-07 10:08:29',NULL,'2016-11-09 12:03:47',NULL),(24,27,39,'2016-11-11 17:37:58','T','2016-11-07 10:49:55',NULL,'2016-11-11 17:37:57',NULL),(25,46,47,'2016-11-09 12:00:53','T','2016-11-07 13:00:27',NULL,'2016-11-09 12:00:41',NULL),(26,48,49,'2016-11-09 12:08:26','T','2016-11-07 13:00:54',NULL,'2016-11-09 12:08:23',NULL),(27,50,51,'2016-11-07 13:01:18','T','2016-11-07 13:01:18',NULL,'2016-11-07 13:01:18',NULL),(28,10,52,'2016-11-07 15:56:56','T','2016-11-07 15:56:56',NULL,'2016-11-07 15:56:56',NULL),(29,31,53,'2016-11-07 15:57:13','T','2016-11-07 15:57:13',NULL,'2016-11-07 15:57:13',NULL),(30,54,55,'2016-11-07 15:58:04','T','2016-11-07 15:58:04',NULL,'2016-11-07 15:58:04',NULL),(31,55,56,'2016-11-09 12:19:39','T','2016-11-07 15:58:15',NULL,'2016-11-09 12:19:39',NULL),(32,56,57,'2016-11-07 16:00:12','T','2016-11-07 16:00:12',NULL,'2016-11-07 16:00:12',NULL),(33,56,58,'2016-11-07 16:00:33','T','2016-11-07 16:00:33',NULL,'2016-11-07 16:00:33',NULL),(34,59,60,'2016-11-07 16:01:02','T','2016-11-07 16:01:02',NULL,'2016-11-07 16:01:02',NULL),(35,59,61,'2016-11-07 16:01:14','T','2016-11-07 16:01:14',NULL,'2016-11-07 16:01:14',NULL),(36,28,62,'2016-11-07 16:01:28','T','2016-11-07 16:01:28',NULL,'2016-11-07 16:01:28',NULL),(37,28,63,'2016-11-07 16:01:52','T','2016-11-07 16:01:52',NULL,'2016-11-07 16:01:52',NULL),(38,28,39,'2016-11-07 16:02:50','T','2016-11-07 16:02:50',NULL,'2016-11-07 16:02:50',NULL),(39,64,65,'2016-11-07 16:03:40','T','2016-11-07 16:03:40',NULL,'2016-11-07 16:03:40',NULL),(40,64,66,'2016-11-07 16:04:14','T','2016-11-07 16:04:14',NULL,'2016-11-07 16:04:14',NULL),(41,47,67,'2016-11-09 12:01:43','T','2016-11-09 12:01:07',NULL,'2016-11-09 12:01:31',NULL),(42,10,51,'2016-11-09 12:01:40','T','2016-11-09 12:01:20',NULL,'2016-11-09 12:01:20',NULL),(43,48,55,'2016-11-11 15:26:07','T','2016-11-09 12:02:20',NULL,'2016-11-11 15:26:06',NULL),(44,57,58,'2016-11-09 12:03:46','T','2016-11-09 12:03:40',NULL,'2016-11-09 12:03:40',NULL),(45,68,69,'2016-11-11 15:29:41','T','2016-11-09 12:04:14',NULL,'2016-11-11 15:29:40',NULL),(46,18,70,'2016-11-09 12:05:02','T','2016-11-09 12:04:07',NULL,'2016-11-09 12:04:07',NULL),(47,19,68,'2016-11-09 12:05:38','T','2016-11-09 12:05:33',NULL,'2016-11-09 12:05:33',NULL),(48,71,72,'2016-11-09 12:06:14','T','2016-11-09 12:05:43',NULL,'2016-11-09 12:06:04',NULL),(49,71,73,'2016-11-09 12:06:10','T','2016-11-09 12:05:58',NULL,'2016-11-09 12:05:58',NULL),(50,71,74,'2016-11-09 12:07:08','T','2016-11-09 12:06:32',NULL,'2016-11-09 12:07:02',NULL),(51,71,75,'2016-11-09 12:06:49','T','2016-11-09 12:06:44',NULL,'2016-11-09 12:06:44',NULL),(52,71,76,'2016-11-09 12:07:34','T','2016-11-09 12:07:25',NULL,'2016-11-09 12:07:25',NULL),(53,77,78,'2016-11-09 12:08:45','T','2016-11-09 12:08:40',NULL,'2016-11-09 12:08:40',NULL),(54,47,79,'2016-11-11 17:41:06','T','2016-11-09 12:09:02',NULL,'2016-11-11 17:41:06',NULL),(57,27,40,'2016-11-09 12:12:33','T','2016-11-09 12:12:33',NULL,'2016-11-09 12:12:33',NULL),(58,80,81,'2016-11-09 12:20:11','T','2016-11-09 12:20:10',NULL,'2016-11-09 12:20:10',NULL),(59,80,82,'2016-11-09 12:20:34','T','2016-11-09 12:20:34',NULL,'2016-11-09 12:20:34',NULL),(60,80,83,'2016-11-09 12:20:47','T','2016-11-09 12:20:47',NULL,'2016-11-09 12:20:47',NULL),(61,83,84,'2016-11-09 12:21:38','T','2016-11-09 12:21:38',NULL,'2016-11-09 12:21:38',NULL),(62,83,85,'2016-11-09 12:22:20','T','2016-11-09 12:22:20',NULL,'2016-11-09 12:22:20',NULL),(63,83,86,'2016-11-09 12:22:51','T','2016-11-09 12:22:50',NULL,'2016-11-09 12:22:50',NULL),(64,83,87,'2016-11-09 12:23:07','T','2016-11-09 12:23:07',NULL,'2016-11-09 12:23:07',NULL),(65,83,88,'2016-11-09 12:23:24','T','2016-11-09 12:23:24',NULL,'2016-11-09 12:23:24',NULL),(66,80,89,'2016-11-09 12:24:11','T','2016-11-09 12:24:11',NULL,'2016-11-09 12:24:11',NULL),(67,80,90,'2016-11-09 12:24:19','T','2016-11-09 12:24:19',NULL,'2016-11-09 12:24:19',NULL),(69,83,93,'2016-11-09 12:26:52','T','2016-11-09 12:26:52',NULL,'2016-11-09 12:26:52',NULL),(70,10,94,'2016-11-11 15:42:13','T','2016-11-11 15:02:36',NULL,'2016-11-11 15:42:12',NULL),(71,65,95,'2016-11-11 15:05:47','T','2016-11-11 15:05:46',NULL,'2016-11-11 15:05:46',NULL),(73,98,99,'2016-11-11 15:15:21','T','2016-11-11 15:14:24',NULL,'2016-11-11 15:15:20',NULL),(74,100,101,'2016-11-11 15:15:53','T','2016-11-11 15:15:52',NULL,'2016-11-11 15:15:52',NULL),(75,102,103,'2016-11-11 17:43:02','T','2016-11-11 15:16:37',NULL,'2016-11-11 17:43:02',NULL),(76,55,104,'2016-11-11 15:21:07','T','2016-11-11 15:20:22',NULL,'2016-11-11 15:21:06',NULL),(77,55,105,'2016-11-11 16:15:58','T','2016-11-11 15:21:24',NULL,'2016-11-11 16:15:58',NULL),(78,101,106,'2016-11-11 15:23:08','T','2016-11-11 15:23:07',NULL,'2016-11-11 15:23:07',NULL),(79,107,108,'2016-11-11 15:23:27','T','2016-11-11 15:23:26',NULL,'2016-11-11 15:23:26',NULL),(80,81,83,'2016-11-11 15:25:45','T','2016-11-11 15:25:44',NULL,'2016-11-11 15:25:44',NULL),(81,109,110,'2016-11-11 15:30:39','T','2016-11-11 15:30:39',NULL,'2016-11-11 15:30:39',NULL),(82,111,112,'2016-11-11 16:00:57','T','2016-11-11 15:36:36',NULL,'2016-11-11 16:00:57',NULL),(83,112,113,'2016-11-11 17:39:45','T','2016-11-11 16:02:16',NULL,'2016-11-11 17:39:45',NULL),(84,35,47,'2016-11-11 17:41:18','T','2016-11-11 16:13:11',NULL,'2016-11-11 17:41:18',NULL),(85,114,115,'2016-11-11 16:14:34','T','2016-11-11 16:14:33',NULL,'2016-11-11 16:14:33',NULL),(86,49,105,'2016-11-11 16:15:48','T','2016-11-11 16:15:48',NULL,'2016-11-11 16:15:48',NULL),(87,55,108,'2016-11-11 17:42:10','T','2016-11-11 17:17:25',NULL,'2016-11-11 17:42:10',NULL),(88,116,117,'2016-11-11 17:41:31','T','2016-11-11 17:41:30',NULL,'2016-11-11 17:41:30',NULL),(89,10,118,'2016-11-11 17:44:51','T','2016-11-11 17:44:51',NULL,'2016-11-11 17:44:51',NULL);
/*!40000 ALTER TABLE `recents` ENABLE KEYS */;
UNLOCK TABLES;

--
-- Table structure for table `thing`
--

DROP TABLE IF EXISTS `thing`;
/*!40101 SET @saved_cs_client     = @@character_set_client */;
/*!40101 SET character_set_client = utf8 */;
CREATE TABLE `thing` (
  `id` int(11) NOT NULL AUTO_INCREMENT,
  `category` int(11) DEFAULT NULL,
  `name` varchar(255) DEFAULT NULL,
  `is_active` char(1) DEFAULT NULL,
  `created_on` datetime DEFAULT NULL,
  `created_by` int(11) DEFAULT NULL,
  `modified_on` datetime DEFAULT NULL,
  `modified_by` int(11) DEFAULT NULL,
  PRIMARY KEY (`id`),
  UNIQUE KEY `name` (`name`),
  KEY `category__idx` (`category`),
  KEY `created_by__idx` (`created_by`),
  KEY `modified_by__idx` (`modified_by`),
  CONSTRAINT `thing_ibfk_1` FOREIGN KEY (`category`) REFERENCES `category` (`id`) ON DELETE CASCADE,
  CONSTRAINT `thing_ibfk_2` FOREIGN KEY (`created_by`) REFERENCES `auth_user` (`id`) ON DELETE CASCADE,
  CONSTRAINT `thing_ibfk_3` FOREIGN KEY (`modified_by`) REFERENCES `auth_user` (`id`) ON DELETE CASCADE
) ENGINE=InnoDB AUTO_INCREMENT=119 DEFAULT CHARSET=utf8;
/*!40101 SET character_set_client = @saved_cs_client */;

--
-- Dumping data for table `thing`
--

LOCK TABLES `thing` WRITE;
/*!40000 ALTER TABLE `thing` DISABLE KEYS */;
INSERT INTO `thing` VALUES (3,2,'thing1','T','2016-10-14 01:03:26',NULL,'2016-10-14 01:03:26',NULL),(4,2,'thing2','T','2016-10-14 01:03:33',NULL,'2016-10-14 01:03:33',NULL),(10,NULL,'india','T','2016-11-07 01:29:39',NULL,'2016-11-07 01:29:39',NULL),(11,NULL,'indonesia','T','2016-11-07 01:29:39',NULL,'2016-11-07 01:29:39',NULL),(14,NULL,'usa','T','2016-11-07 01:40:17',NULL,'2016-11-07 01:40:17',NULL),(15,NULL,'italy','T','2016-11-07 01:40:34',NULL,'2016-11-07 01:40:34',NULL),(18,NULL,'lion','T','2016-11-07 03:45:46',NULL,'2016-11-07 03:45:46',NULL),(19,NULL,'tiger','T','2016-11-07 03:45:46',NULL,'2016-11-07 03:45:46',NULL),(20,NULL,'iran','T','2016-11-07 03:54:44',NULL,'2016-11-07 03:54:44',NULL),(27,NULL,'ganges','T','2016-11-07 10:00:33',NULL,'2016-11-07 10:00:33',NULL),(28,NULL,'kaveri','T','2016-11-07 10:00:33',NULL,'2016-11-07 10:00:33',NULL),(29,NULL,'drdo','T','2016-11-07 10:01:56',NULL,'2016-11-07 10:01:56',NULL),(30,NULL,'isro','T','2016-11-07 10:01:56',NULL,'2016-11-07 10:01:56',NULL),(31,NULL,'pasta','T','2016-11-07 10:02:29',NULL,'2016-11-07 10:02:29',NULL),(32,NULL,'pizza','T','2016-11-07 10:02:29',NULL,'2016-11-07 10:02:29',NULL),(33,NULL,'cia','T','2016-11-07 10:04:27',NULL,'2016-11-07 10:04:27',NULL),(34,NULL,'raw','T','2016-11-07 10:04:27',NULL,'2016-11-07 10:04:27',NULL),(35,NULL,'facebook','T','2016-11-07 10:04:57',NULL,'2016-11-07 10:04:57',NULL),(36,NULL,'linkedin','T','2016-11-07 10:04:57',NULL,'2016-11-07 10:04:57',NULL),(37,NULL,'uri','T','2016-11-07 10:05:20',NULL,'2016-11-07 10:05:20',NULL),(38,NULL,'url','T','2016-11-07 10:05:20',NULL,'2016-11-07 10:05:20',NULL),(39,NULL,'nile','T','2016-11-07 10:06:57',NULL,'2016-11-07 10:06:57',NULL),(40,NULL,'sowparnika','T','2016-11-07 10:06:57',NULL,'2016-11-07 10:06:57',NULL),(41,NULL,'indian_army','T','2016-11-07 10:07:33',NULL,'2016-11-07 10:07:33',NULL),(42,NULL,'pakistan_army','T','2016-11-07 10:07:33',NULL,'2016-11-07 10:07:33',NULL),(43,NULL,'cat','T','2016-11-07 10:08:03',NULL,'2016-11-07 10:08:03',NULL),(44,NULL,'dog','T','2016-11-07 10:08:03',NULL,'2016-11-07 10:08:03',NULL),(45,NULL,'china','T','2016-11-07 10:08:29',NULL,'2016-11-07 10:08:29',NULL),(46,NULL,'apple','T','2016-11-07 13:00:27',NULL,'2016-11-07 13:00:27',NULL),(47,NULL,'google','T','2016-11-07 13:00:27',NULL,'2016-11-07 13:00:27',NULL),(48,NULL,'java','T','2016-11-07 13:00:54',NULL,'2016-11-07 13:00:54',NULL),(49,NULL,'python','T','2016-11-07 13:00:54',NULL,'2016-11-07 13:00:54',NULL),(50,NULL,'france','T','2016-11-07 13:01:18',NULL,'2016-11-07 13:01:18',NULL),(51,NULL,'germany','T','2016-11-07 13:01:18',NULL,'2016-11-07 13:01:18',NULL),(52,NULL,'australia','T','2016-11-07 15:56:56',NULL,'2016-11-07 15:56:56',NULL),(53,NULL,'pizz','T','2016-11-07 15:57:13',NULL,'2016-11-07 15:57:13',NULL),(54,NULL,'c','T','2016-11-07 15:58:04',NULL,'2016-11-07 15:58:04',NULL),(55,NULL,'c++','T','2016-11-07 15:58:04',NULL,'2016-11-07 15:58:04',NULL),(56,NULL,'perl','T','2016-11-07 15:58:15',NULL,'2016-11-07 15:58:15',NULL),(57,NULL,'ruby','T','2016-11-07 16:00:12',NULL,'2016-11-07 16:00:12',NULL),(58,NULL,'rust','T','2016-11-07 16:00:33',NULL,'2016-11-07 16:00:33',NULL),(59,NULL,'data mining','T','2016-11-07 16:01:02',NULL,'2016-11-07 16:01:02',NULL),(60,NULL,'machine learning','T','2016-11-07 16:01:02',NULL,'2016-11-07 16:01:02',NULL),(61,NULL,'data warehousing','T','2016-11-07 16:01:14',NULL,'2016-11-07 16:01:14',NULL),(62,NULL,'krishna','T','2016-11-07 16:01:28',NULL,'2016-11-07 16:01:28',NULL),(63,NULL,'krishna_river','T','2016-11-07 16:01:52',NULL,'2016-11-07 16:01:52',NULL),(64,NULL,'dosa','T','2016-11-07 16:03:40',NULL,'2016-11-07 16:03:40',NULL),(65,NULL,'idli','T','2016-11-07 16:03:40',NULL,'2016-11-07 16:03:40',NULL),(66,NULL,'puri','T','2016-11-07 16:04:14',NULL,'2016-11-07 16:04:14',NULL),(67,NULL,'apple_inc','T','2016-11-09 12:01:07',NULL,'2016-11-09 12:01:07',NULL),(68,NULL,'elephant','T','2016-11-09 12:04:14',NULL,'2016-11-09 12:04:14',NULL),(69,NULL,'giraffe','T','2016-11-09 12:04:14',NULL,'2016-11-09 12:04:14',NULL),(70,NULL,'deer','T','2016-11-09 12:04:07',NULL,'2016-11-09 12:04:07',NULL),(71,NULL,'parrot','T','2016-11-09 12:05:43',NULL,'2016-11-09 12:05:43',NULL),(72,NULL,'pigeon','T','2016-11-09 12:05:43',NULL,'2016-11-09 12:05:43',NULL),(73,NULL,'sparrow','T','2016-11-09 12:05:58',NULL,'2016-11-09 12:05:58',NULL),(74,NULL,'cuckoo','T','2016-11-09 12:06:32',NULL,'2016-11-09 12:06:32',NULL),(75,NULL,'peacock','T','2016-11-09 12:06:44',NULL,'2016-11-09 12:06:44',NULL),(76,NULL,'hyena','T','2016-11-09 12:07:25',NULL,'2016-11-09 12:07:25',NULL),(77,NULL,'bus','T','2016-11-09 12:08:40',NULL,'2016-11-09 12:08:40',NULL),(78,NULL,'train','T','2016-11-09 12:08:40',NULL,'2016-11-09 12:08:40',NULL),(79,NULL,'ibm','T','2016-11-09 12:09:02',NULL,'2016-11-09 12:09:02',NULL),(80,NULL,'hyderabad','T','2016-11-09 12:20:10',NULL,'2016-11-09 12:20:10',NULL),(81,NULL,'mumbai','T','2016-11-09 12:20:10',NULL,'2016-11-09 12:20:10',NULL),(82,NULL,'new delhi','T','2016-11-09 12:20:34',NULL,'2016-11-09 12:20:34',NULL),(83,NULL,'delhi','T','2016-11-09 12:20:47',NULL,'2016-11-09 12:20:47',NULL),(84,NULL,'london','T','2016-11-09 12:21:38',NULL,'2016-11-09 12:21:38',NULL),(85,NULL,'paris','T','2016-11-09 12:22:20',NULL,'2016-11-09 12:22:20',NULL),(86,NULL,'new york','T','2016-11-09 12:22:50',NULL,'2016-11-09 12:22:50',NULL),(87,NULL,'california','T','2016-11-09 12:23:07',NULL,'2016-11-09 12:23:07',NULL),(88,NULL,'bejing','T','2016-11-09 12:23:24',NULL,'2016-11-09 12:23:24',NULL),(89,NULL,'jaipur','T','2016-11-09 12:24:11',NULL,'2016-11-09 12:24:11',NULL),(90,NULL,'chennai','T','2016-11-09 12:24:19',NULL,'2016-11-09 12:24:19',NULL),(93,NULL,'sydney','T','2016-11-09 12:26:52',NULL,'2016-11-09 12:26:52',NULL),(94,NULL,'pakistan','T','2016-11-11 15:02:36',NULL,'2016-11-11 15:02:36',NULL),(95,NULL,'vada','T','2016-11-11 15:05:46',NULL,'2016-11-11 15:05:46',NULL),(98,NULL,'carnatic_music','T','2016-11-11 15:14:24',NULL,'2016-11-11 15:14:24',NULL),(99,NULL,'hindustani_classical_music','T','2016-11-11 15:14:24',NULL,'2016-11-11 15:14:24',NULL),(100,NULL,'sanskrit','T','2016-11-11 15:15:52',NULL,'2016-11-11 15:15:52',NULL),(101,NULL,'telugu','T','2016-11-11 15:15:52',NULL,'2016-11-11 15:15:52',NULL),(102,NULL,'hindi','T','2016-11-11 15:16:37',NULL,'2016-11-11 15:16:37',NULL),(103,NULL,'urdu','T','2016-11-11 15:16:37',NULL,'2016-11-11 15:16:37',NULL),(104,NULL,'java_(programming_languge)','T','2016-11-11 15:20:22',NULL,'2016-11-11 15:20:22',NULL),(105,NULL,'java_(programming_language)','T','2016-11-11 15:21:24',NULL,'2016-11-11 15:21:24',NULL),(106,NULL,'kannada','T','2016-11-11 15:23:07',NULL,'2016-11-11 15:23:07',NULL),(107,NULL,'python_(programming_language)','T','2016-11-11 15:23:26',NULL,'2016-11-11 15:23:26',NULL),(108,NULL,'ruby_(programming_language)','T','2016-11-11 15:23:26',NULL,'2016-11-11 15:23:26',NULL),(109,NULL,'k2','T','2016-11-11 15:30:39',NULL,'2016-11-11 15:30:39',NULL),(110,NULL,'kangchenjunga','T','2016-11-11 15:30:39',NULL,'2016-11-11 15:30:39',NULL),(111,NULL,'salman_khan','T','2016-11-11 15:36:36',NULL,'2016-11-11 15:36:36',NULL),(112,NULL,'shah_rukh_khan','T','2016-11-11 15:36:36',NULL,'2016-11-11 15:36:36',NULL),(113,NULL,'aamir_khan','T','2016-11-11 16:02:16',NULL,'2016-11-11 16:02:16',NULL),(114,NULL,'aishwarya_rai','T','2016-11-11 16:14:33',NULL,'2016-11-11 16:14:33',NULL),(115,NULL,'priyanka_chopra','T','2016-11-11 16:14:33',NULL,'2016-11-11 16:14:33',NULL),(116,NULL,'iphone','T','2016-11-11 17:41:30',NULL,'2016-11-11 17:41:30',NULL),(117,NULL,'samsung','T','2016-11-11 17:41:30',NULL,'2016-11-11 17:41:30',NULL),(118,NULL,'nepal','T','2016-11-11 17:44:51',NULL,'2016-11-11 17:44:51',NULL);
/*!40000 ALTER TABLE `thing` ENABLE KEYS */;
UNLOCK TABLES;
/*!40103 SET TIME_ZONE=@OLD_TIME_ZONE */;

/*!40101 SET SQL_MODE=@OLD_SQL_MODE */;
/*!40014 SET FOREIGN_KEY_CHECKS=@OLD_FOREIGN_KEY_CHECKS */;
/*!40014 SET UNIQUE_CHECKS=@OLD_UNIQUE_CHECKS */;
/*!40101 SET CHARACTER_SET_CLIENT=@OLD_CHARACTER_SET_CLIENT */;
/*!40101 SET CHARACTER_SET_RESULTS=@OLD_CHARACTER_SET_RESULTS */;
/*!40101 SET COLLATION_CONNECTION=@OLD_COLLATION_CONNECTION */;
/*!40111 SET SQL_NOTES=@OLD_SQL_NOTES */;

-- Dump completed on 2016-11-11 21:17:43
